departement;niveau;vainqueur;pct_centre;pct_droite;pct_gauche
FRANCE;national;gauche;33.42;31.16;35.42
01;departement;centre;39.532050781194656;33.68866774633266;26.77928147247269
02;departement;droite;23.239206442420627;47.06712223307875;29.69367132450061
03;departement;droite;33.01227323317211;40.29826119539328;26.6894655714346
04;departement;droite;26.01700213783059;37.475445730265974;36.507552131903445
05;departement;gauche;26.813044628831307;34.83369840524047;38.353256965928225
06;departement;droite;32.10718987888768;41.65259107074264;26.24021905036969
07;departement;droite;34.15634796422709;36.153056347106016;29.69059568866689
08;departement;droite;24.40800695107414;46.772975781259;28.819017267666858
09;departement;droite;26.912329074574814;37.007243620673044;36.080427304752135
10;departement;droite;25.982275633994647;45.75555121497793;28.262173151027426
11;departement;droite;24.846060200500276;39.9249272416019;35.22901255789782
12;departement;centre;43.210144194278314;27.595786476645667;29.194069329076022
13;departement;droite;24.848354844002717;37.79346553485119;37.35817962114611
14;departement;centre;38.048703367384356;32.73361938495148;29.217677247664152
15;departement;centre;36.30234558410324;34.76555535836105;28.932099057535716
16;departement;droite;30.832183860517446;41.66133221683535;27.506483922647206
17;departement;droite;35.03855085154532;35.08250956250011;29.878939585954566
18;departement;droite;32.66741258336583;38.12017094056397;29.212416476070203
19;departement;droite;35.349032448297365;36.69061404277944;27.960353508923202
21;departement;centre;38.67432411309072;31.798864531564973;29.526811355344307
22;departement;centre;40.089623102651686;31.550671161396043;28.35970573595226
23;departement;droite;33.17836548869635;36.91898164845714;29.9026528628465
24;departement;droite;36.463558013370665;37.32136911087537;26.215072875753986
25;departement;centre;36.319106061358774;33.82372955350391;29.85716438513731
26;departement;droite;31.184145346782937;36.11458404576663;32.701270607450454
27;departement;droite;32.84578922398699;36.29141226616441;30.862798509848595
28;departement;droite;30.872117756475493;38.58983802776489;30.538044215759612
29;departement;centre;40.361607837277305;29.325361246993143;30.313030915729556
2A;departement;droite;28.198087534555956;49.27995691167173;22.521955553772308
2B;departement;droite;27.518877518715463;49.877675521843514;22.60344695944103
30;departement;droite;26.725346662838138;44.09394148823825;29.1807118489236
31;departement;gauche;31.41631906510691;29.077664767240986;39.506016167652106
32;departement;droite;33.36383460249455;36.48934236155883;30.146823035946614
33;departement;gauche;34.15529785371704;30.38443162010075;35.46027052618221
34;departement;gauche;21.877926688362212;37.39625281284524;40.72582049879255
35;departement;centre;38.92295582319524;23.998640979677873;37.07840319712689
36;departement;droite;32.19951764801573;39.09615474441804;28.70432760756624
37;departement;centre;36.49308099449164;32.82023517231647;30.686683833191893
38;departement;centre;36.67464985976396;30.305297868957986;33.02005227127805
39;departement;droite;32.84048631439606;38.99372089982217;28.16579278578176
40;departement;centre;37.493688132566746;31.875616982570588;30.630694884862674
41;departement;droite;36.70123427127089;38.8395514166831;24.459214312046008
42;departement;droite;31.858400851560337;38.47261144776264;29.668987700677018
43;departement;droite;32.08527393275864;38.36431411180997;29.5504119554314
44;departement;centre;38.241708125767474;24.87067804093154;36.887613833300975
45;departement;droite;33.89258907521823;36.76537795033048;29.342032974451303
46;departement;droite;33.68681012938704;35.181444399215714;31.131745471397252
47;departement;droite;31.87219696793731;41.59568287353403;26.532120158528656
48;departement;centre;37.05683043770905;32.06855646943387;30.874613092857082
49;departement;centre;40.098233563333;30.730147353187746;29.171619083479243
50;departement;centre;42.733240144598355;31.521707254559427;25.745052600842218
51;departement;droite;32.640219906263454;37.835627058701164;29.52415303503538
52;departement;droite;29.10716590129531;45.44850501749554;25.444329081209162
53;departement;centre;37.69520295773212;33.60626088472324;28.69853615754463
54;departement;centre;35.42137634894218;35.25003122100675;29.32859243005106
55;departement;droite;28.54806550208366;44.31328456152233;27.138649936393993
56;departement;centre;40.96813960481235;29.82521032970937;29.206650065478275
57;departement;droite;34.66624049745739;38.76998076056552;26.5637787419771
58;departement;droite;32.019278381506325;41.09050983289746;26.890211785596218
59;departement;droite;27.943893673201842;37.068490729633304;34.98761559716486
60;departement;droite;29.581094033713757;39.26907968635665;31.14982627992959
61;departement;droite;32.3847219641237;42.04318446625973;25.572093569616577
62;departement;droite;28.196254506381546;41.64030365764545;30.163441835973014
63;departement;centre;40.101642666684604;28.53774637273712;31.360610960578278
64;departement;centre;41.2779978407945;31.448700237653583;27.27330192155192
65;departement;droite;33.7313420092803;35.17876001057302;31.089897980146674
66;departement;gauche;23.37135235696127;36.79700904352455;39.83163859951418
67;departement;centre;36.34650158302753;36.179850336118065;27.473648080854407
68;departement;droite;35.020561616737936;40.132294466561774;24.84714391670028
69;departement;gauche;34.8550402743273;29.52598449694911;35.61897522872359
70;departement;droite;29.974562014103324;43.68642664413752;26.339011341759154
71;departement;centre;39.020543304013636;33.15690566365072;27.822551032335646
72;departement;droite;32.62697071971321;36.36010275389059;31.012926526396196
73;departement;centre;39.61917271800959;30.33801331659065;30.042813965399763
74;departement;centre;39.086382416405854;32.950639001866186;27.96297858172796
75;departement;gauche;39.20302020482127;16.115730460417524;44.68124933476121
76;departement;droite;28.860653967230736;38.71401215244886;32.4253338803204
77;departement;gauche;31.391393407760702;28.394065828061375;40.21454076417792
78;departement;gauche;35.51731202966019;27.67793040105809;36.80475756928172
79;departement;centre;38.514634798969034;34.804014547182355;26.6813506538486
80;departement;droite;30.13854374462624;38.699464990986485;31.16199126438727
81;departement;centre;34.205884874366106;33.502710637826866;32.29140448780702
82;departement;droite;29.12070561636191;40.56306941697775;30.31622496666035
83;departement;droite;29.348548369533074;44.19730298046465;26.454148650002278
84;departement;droite;26.073427654032834;45.46660796466889;28.45996438129828
85;departement;centre;44.876552332076926;29.078555244689657;26.044892423233414
86;departement;droite;36.03748623656589;36.878921053510425;27.083592709923682
87;departement;droite;34.88900542213671;35.93845519594574;29.172539381917534
88;departement;droite;33.00306180006684;40.22421371266377;26.7727244872694
89;departement;droite;28.17667969638607;41.1014451139294;30.721875189684532
90;departement;droite;28.60590992912442;39.468105064535166;31.925985006340408
91;departement;gauche;34.53200203430262;22.159903620267126;43.30809434543025
92;departement;centre;41.92023624474509;17.95273308260418;40.127030672650726
93;departement;gauche;21.871255775534454;15.259196118857615;62.86954810560794
94;departement;gauche;36.59191153211254;20.379635779958864;43.02845268792859
95;departement;gauche;29.345901989099488;24.119371180265638;46.53472683063488
971;departement;gauche;15.226975820315806;17.253510823555555;67.51951335612864
972;departement;gauche;16.16334834763266;21.77679823580166;62.059853416565666
973;departement;gauche;15.690158817674746;22.625568604214433;61.68427257811081
974;departement;gauche;20.948963957228063;25.395930990002608;53.655105052769336
