departement;score_centre_t1;score_droite_t1;score_gauche_t1;vainqueur_t1;annee_cible;score_centre_t2;score_droite_t2;vainqueur_t2
01;12.64;54.32;33.04;droite;2024;-0.06;100.06;droite
02;7.74;55.29;36.96;droite;2024;-0.3;100.3;droite
03;11.26;49.1;39.63;droite;2024;-0.01;100.01;droite
04;11.22;49.47;39.31;droite;2024;0.08;99.92;droite
05;13.18;48.25;38.57;droite;2024;0.2;99.8;droite
06;8.28;70.84;20.88;droite;2024;0.01;99.99;droite
07;11.38;49.14;39.48;droite;2024;0.0;100.0;droite
08;8.37;52.24;39.39;droite;2024;-0.06;100.06;droite
09;9.69;45.52;44.79;droite;2024;-0.03;100.03;droite
10;9.84;54.19;35.96;droite;2024;-0.03;100.03;droite
11;7.65;51.33;41.02;droite;2024;-0.22;100.22;droite
12;13.28;45.93;40.79;droite;2024;0.39;99.61;droite
13;7.94;61.14;30.92;droite;2024;0.09;99.91;droite
14;11.85;50.74;37.4;droite;2024;0.01;99.99;droite
15;12.81;48.63;38.56;droite;2024;0.26;99.74;droite
16;10.62;50.8;38.58;droite;2024;-0.05;100.05;droite
17;11.07;50.85;38.09;droite;2024;0.2;99.8;droite
18;10.84;52.19;36.97;droite;2024;-0.02;100.02;droite
19;10.36;47.5;42.14;droite;2024;0.06;99.94;droite
21;12.37;51.24;36.39;droite;2024;0.1;99.9;droite
22;11.97;47.58;40.45;droite;2024;0.02;99.98;droite
23;10.29;46.11;43.6;droite;2024;0.03;99.97;droite
24;10.51;48.24;41.25;droite;2024;0.08;99.92;droite
25;11.5;52.26;36.24;droite;2024;0.11;99.89;droite
26;11.03;52.41;36.56;droite;2024;-0.01;100.01;droite
27;10.57;53.62;35.81;droite;2024;-0.13;100.13;droite
28;11.04;52.67;36.29;droite;2024;0.02;99.98;droite
29;13.42;47.44;39.13;droite;2024;0.21;99.79;droite
2A;10.67;59.85;29.48;droite;2024;-0.24;100.24;droite
2B;8.36;62.03;29.62;droite;2024;-0.07;100.07;droite
30;8.4;55.62;35.98;droite;2024;-0.1;100.1;droite
31;10.67;48.36;40.96;droite;2024;0.05;99.95;droite
32;12.46;45.35;42.18;droite;2024;0.02;99.98;droite
33;10.21;50.68;39.11;droite;2024;0.04;99.96;droite
34;7.97;53.54;38.49;droite;2024;-0.18;100.18;droite
35;13.06;48.29;38.65;droite;2024;0.1;99.9;droite
36;10.58;51.54;37.88;droite;2024;-0.06;100.06;droite
37;11.91;50.99;37.1;droite;2024;0.14;99.86;droite
38;11.7;49.92;38.38;droite;2024;-0.07;100.07;droite
39;12.74;50.77;36.48;droite;2024;0.04;99.96;droite
40;11.62;47.02;41.36;droite;2024;0.06;99.94;droite
41;11.82;52.18;36.0;droite;2024;0.0;100.0;droite
42;11.26;52.17;36.57;droite;2024;-0.04;100.04;droite
43;13.55;48.34;38.11;droite;2024;-0.03;100.03;droite
44;12.07;49.33;38.6;droite;2024;-0.01;100.01;droite
45;10.79;54.07;35.14;droite;2024;0.02;99.98;droite
46;11.66;44.33;44.01;droite;2024;0.08;99.92;droite
47;10.58;51.14;38.28;droite;2024;-0.03;100.03;droite
48;14.14;47.86;38.0;droite;2024;0.13;99.87;droite
49;14.05;50.7;35.26;droite;2024;0.12;99.88;droite
50;13.23;49.17;37.61;droite;2024;0.13;99.87;droite
51;11.15;53.23;35.61;droite;2024;0.06;99.94;droite
52;10.33;53.99;35.68;droite;2024;-0.03;100.03;droite
53;14.83;50.05;35.12;droite;2024;0.07;99.93;droite
54;11.77;51.15;37.08;droite;2024;0.03;99.97;droite
55;10.87;52.56;36.57;droite;2024;-0.02;100.02;droite
56;12.82;49.91;37.27;droite;2024;0.21;99.79;droite
57;11.08;55.35;33.57;droite;2024;0.1;99.9;droite
58;10.31;49.96;39.72;droite;2024;-0.01;100.01;droite
59;8.62;52.9;38.48;droite;2024;-0.03;100.03;droite
60;10.25;54.58;35.17;droite;2024;-0.02;100.02;droite
61;11.66;52.98;35.36;droite;2024;-0.06;100.06;droite
62;8.73;51.98;39.29;droite;2024;-0.17;100.17;droite
63;13.0;46.49;40.51;droite;2024;0.36;99.64;droite
64;18.31;45.04;36.65;droite;2024;0.1;99.9;droite
65;12.74;44.97;42.28;droite;2024;-0.01;100.01;droite
66;7.81;54.07;38.12;droite;2024;-0.21;100.21;droite
67;13.46;62.85;23.69;droite;2024;-0.03;100.03;droite
68;12.27;60.89;26.84;droite;2024;0.02;99.98;droite
69;11.2;52.08;36.72;droite;2024;0.11;99.89;droite
70;11.08;52.71;36.22;droite;2024;-0.02;100.02;droite
71;11.49;52.19;36.32;droite;2024;0.06;99.94;droite
72;11.07;51.97;36.96;droite;2024;0.04;99.96;droite
73;13.09;51.21;35.7;droite;2024;0.1;99.9;droite
74;13.11;54.8;32.09;droite;2024;-0.02;100.02;droite
75;9.63;50.04;40.33;droite;2024;0.32;99.68;droite
76;10.45;52.29;37.26;droite;2024;0.08;99.92;droite
77;10.67;52.83;36.5;droite;2024;-0.04;100.04;droite
78;11.98;53.7;34.32;droite;2024;0.45;99.55;droite
79;12.28;48.26;39.46;droite;2024;-0.06;100.06;droite
80;10.19;51.7;38.1;droite;2024;0.1;99.9;droite
81;11.02;48.08;40.9;droite;2024;0.05;99.95;droite
82;10.72;50.51;38.76;droite;2024;0.07;99.93;droite
83;8.14;70.96;20.91;droite;2024;0.03;99.97;droite
84;7.78;65.23;26.99;droite;2024;-0.02;100.02;droite
85;13.45;52.66;33.88;droite;2024;0.29;99.71;droite
86;11.69;48.87;39.44;droite;2024;0.01;99.99;droite
87;10.68;47.09;42.23;droite;2024;0.15;99.85;droite
88;11.1;52.04;36.86;droite;2024;-0.05;100.05;droite
89;10.53;53.71;35.76;droite;2024;-0.02;100.02;droite
90;15.41;50.67;33.92;droite;2024;0.05;99.95;droite
91;11.92;51.2;36.88;droite;2024;0.18;99.82;droite
92;11.1;53.76;35.14;droite;2024;0.39;99.61;droite
93;7.85;43.55;48.6;gauche;2024;0.2;99.8;droite
94;10.95;50.57;38.48;droite;2024;0.2;99.8;droite
95;10.85;51.29;37.87;droite;2024;0.2;99.8;droite
971;2.91;39.29;57.8;gauche;2024;-0.32;100.32;droite
972;3.72;40.3;55.99;gauche;2024;-0.27;100.27;droite
973;6.55;38.15;55.3;gauche;2024;-0.24;100.24;droite
974;6.1;32.59;61.31;gauche;2024;-0.09;100.09;droite
