Code_departement,annee,[age_moyen]entre15et24,[age_moyen]entre25et54,[age_moyen]plus55,[delinquance]nombre,[delinquance]taux_pour_mille,[revenu_moyen]revenu_moyen_par_foyer,[taux_chomage]Taux_moyen,[equipement_sportif]nb_equipements,[etablissement_culturel]nombre_etablissements,[niveau_etude]Aucun diplôme,"[niveau_etude]BEPC, brevet élémentaire, brevet des collèges, DNB",[niveau_etude]Baccalauréat universitaire ou équivalent,"[niveau_etude]Baccalauréat, brevet professionnel ou équivalent","[niveau_etude]CAP, BEP ou diplôme de niveau équivalent",[niveau_etude]CEP (certificat d’études primaires),[niveau_etude]Diplôme d'études supérieures,[niveau_etude]Diplôme de niveau bac + 5 ou plus,[niveau_etude]Diplôme universitaire 2e ou 3e cycle,[niveau_etude]Enseignement supérieur de cycle court,[population_active]pop_15_24,[population_active]pop_25_54,[population_active]pop_55_64,[categorie_professionnelle] Agriculteurs,"[categorie_professionnelle] Artisans, commerçants et patron",[categorie_professionnelle] Autres,[categorie_professionnelle] Cadres et professions supérieures,[categorie_professionnelle] Employés,[categorie_professionnelle] Employés peu qualifiés,[categorie_professionnelle] Employés qualifiés,[categorie_professionnelle] Ouvriers peu qualifiés,[categorie_professionnelle] Ouvriers qualifiés,[categorie_professionnelle] Professions intermédiaires,[pouvoir_achat]pourcentage_annee_precedente,[pouvoir_achat]Pouvoir d’achat du revenu disponible brut,[abstention_votant]inscrits,[abstention_votant]abstentions,[abstention_votant]blancs
10,2017,35756.6815949451,112741.070980902,104227.45457743,12981,2.5341722722222224,23961.061860787257,11.95,1234.0,206,82684.74344,0.0,0.0,34816.51719,64284.64612,0.0,46804.49686,0.0,0.0,0.0,30422.52601,97733.27525,37139.98516,534.1,1664.6,97.6,5210.2,842.8,3502.1,4054.7,2354.1,4054.2000000000003,7081.3,1.163,1.72,203800.0,45670.0,13662.0
10,2022,37164.7876330915,108986.851163004,110371.766648276,11398,2.162843,31506.272933645716,9.475,1264.0,242,59618.12934,13128.86162,17478.56772,38911.38408,64726.39394,0.0,0.0,14777.39034,0.0,23318.52145,32460.00978,97362.57415,37143.35032,450.9,2018.4,120.8,6396.1,712.2,3162.3,4242.3,2109.9,3940.4,7377.7,-0.21,0.403,205599.0,51298.0,8710.0
11,2017,35445.9618657069,129550.981860255,142928.752552287,17503,2.771905416666667,21082.80099648433,12.65,2592.0,338,91347.18737,0.0,0.0,53126.76832,73046.33205,0.0,66636.8159,0.0,0.0,0.0,29491.514269999996,110109.85105,47635.37986,534.1,1664.6,97.6,5210.2,842.8,3502.1,4054.7,2354.1,4054.2000000000003,7081.3,1.163,1.72,272643.0,61830.0,20177.0
11,2022,35922.7122070402,126600.071573735,156826.677330623,15751,2.4037681555555555,22359.683687162516,10.05,2639.0,393,61764.14967,19805.4283,26433.33532,60125.91154,76331.60548,0.0,0.0,20357.04946,0.0,31664.88037,31652.262970000003,111724.49284,49595.355970000004,450.9,2018.4,120.8,6396.1,712.2,3162.3,4242.3,2109.9,3940.4,7377.7,-0.21,0.403,279959.0,68610.0,15224.0
12,2017,25232.7971508994,96408.2706812715,113551.33941378,6907,1.4351919666666666,23315.2217995915,6.925,2609.0,293,67992.54552,0.0,0.0,39088.85847,58651.39271,0.0,51837.61069,0.0,0.0,0.0,22942.188710000002,88230.49077,38519.26296,534.1,1664.6,97.6,5210.2,842.8,3502.1,4054.7,2354.1,4054.2000000000003,7081.3,1.163,1.72,218097.0,43851.0,16715.0
12,2022,25971.3952091198,93317.4202125742,119583.764211851,7080,1.4385649000000003,24663.045115865603,5.675,2628.0,296,43237.92416,13667.23222,20446.18972,43187.82237,58776.73888,0.0,0.0,14719.05669,0.0,27411.07623,23806.082000000002,87207.92785000001,38845.57046,450.9,2018.4,120.8,6396.1,712.2,3162.3,4242.3,2109.9,3940.4,7377.7,-0.21,0.403,219480.0,49491.0,13943.0
13,2017,245662.924931212,771920.30756693,642549.239535791,145987,4.325916861111111,26052.843962027422,11.3,5446.0,2788,439516.53219,0.0,0.0,249263.23113,317145.54815,0.0,462117.56708,0.0,0.0,0.0,217742.78033999997,679155.76704,231947.81558999998,534.1,1664.6,97.6,5210.2,842.8,3502.1,4054.7,2354.1,4054.2000000000003,7081.3,1.163,1.72,1370057.0,364020.0,81938.0
13,2022,246630.210402977,773992.890598844,691466.913832426,156988,4.533048105555555,34746.26476463597,8.75,5685.0,3302,307557.0349,79643.41584,159715.99539,269348.15028,317730.4295,0.0,0.0,211929.85123,0.0,175223.73756,224760.75479,702998.05803,242586.45771,450.9,2018.4,120.8,6396.1,712.2,3162.3,4242.3,2109.9,3940.4,7377.7,-0.21,0.403,1411580.0,410707.0,57930.0
14,2017,86475.4181407543,251030.550080923,232736.141503519,25248,2.0942197555555553,25776.12748182486,8.700000000000001,3230.0,712,157855.10263,0.0,0.0,80597.31924,137918.38974,0.0,127864.75852,0.0,0.0,0.0,77205.4647,224991.63204,87745.35479000001,534.1,1664.6,97.6,5210.2,842.8,3502.1,4054.7,2354.1,4054.2000000000003,7081.3,1.163,1.72,501062.0,109700.0,32129.0
14,2022,89432.622508407,247181.624967581,253799.209131206,24270,1.9650241944444444,32375.085900612048,6.375,3264.0,848,109424.687,27992.50409,49337.37458,89529.62399,138592.61641,0.0,0.0,49158.22151,0.0,57517.01352,81683.71720999999,226418.00798,86846.7319,450.9,2018.4,120.8,6396.1,712.2,3162.3,4242.3,2109.9,3940.4,7377.7,-0.21,0.403,512204.0,116324.0,23849.0
15,2017,12559.5250735068,50353.583248134,62249.8857378098,3315,1.294653638888889,22149.361169173444,5.65,1622.0,111,40721.78755,0.0,0.0,20898.10111,32582.90517,0.0,22828.19004,0.0,0.0,0.0,11302.57425,46918.81278,21747.97633,534.1,1664.6,97.6,5210.2,842.8,3502.1,4054.7,2354.1,4054.2000000000003,7081.3,1.163,1.72,117394.0,25279.0,9039.0
15,2022,12335.3991230672,47791.6503408982,64663.1549004854,3516,1.3760539777777778,23214.27312914599,4.025,1636.0,120,25619.20187,8981.69815,8887.06236,22695.99482,32695.60576,0.0,0.0,6261.9981,0.0,11814.24861,11774.21432,44681.16316,21514.606839999997,450.9,2018.4,120.8,6396.1,712.2,3162.3,4242.3,2109.9,3940.4,7377.7,-0.21,0.403,115741.0,25815.0,6739.0
16,2017,34499.1545109805,125546.253231823,137332.005017053,13332,2.228275522222222,22961.844320999433,8.925,1571.0,360,87032.03621,0.0,0.0,46638.5428,81894.41678,0.0,59094.27603,0.0,0.0,0.0,30051.05451,111212.74149,49114.630240000006,534.1,1664.6,97.6,5210.2,842.8,3502.1,4054.7,2354.1,4054.2000000000003,7081.3,1.163,1.72,259951.0,60540.0,17707.0
16,2022,34860.8787578248,120146.014099537,144496.555294741,12862,2.143687116666667,26092.753491058244,6.875,1606.0,380,59017.31005,14847.79575,22425.56403,51772.15652,81866.3863,0.0,0.0,18471.82498,0.0,28807.9868,30878.326979999998,108564.34749000001,48458.34524,450.9,2018.4,120.8,6396.1,712.2,3162.3,4242.3,2109.9,3940.4,7377.7,-0.21,0.403,257508.0,64403.0,13410.0
17,2017,63665.4135814281,220096.35975278,259079.480617275,28005,2.525216055555555,24901.825411812482,9.475,3802.0,721,150859.11643,0.0,0.0,85861.43898,146077.07786,0.0,115554.32475,0.0,0.0,0.0,54763.84354,193930.61342000004,86582.99075000001,534.1,1664.6,97.6,5210.2,842.8,3502.1,4054.7,2354.1,4054.2000000000003,7081.3,1.163,1.72,491298.0,111824.0,34720.0
17,2022,65396.2605093891,219938.1158216,288894.747716516,25577,2.2139986333333335,27488.604449008515,6.875,3861.0,815,101864.19256,30662.74738,46366.81659,98255.06527,153019.20079,0.0,0.0,41220.72032,0.0,58617.16654,58345.49728,199199.09996999998,88367.45088,450.9,2018.4,120.8,6396.1,712.2,3162.3,4242.3,2109.9,3940.4,7377.7,-0.21,0.403,518929.0,126022.0,26323.0
18,2017,29975.0744306914,108354.577029444,118793.917682095,11693,2.2636286555555554,23262.944599316597,9.725000000000001,1888.0,211,76482.47906,0.0,0.0,38101.02532,72567.83684,0.0,50346.97837,0.0,0.0,0.0,25552.20771,96249.44517999998,41478.51552000001,534.1,1664.6,97.6,5210.2,842.8,3502.1,4054.7,2354.1,4054.2000000000003,7081.3,1.163,1.72,228984.0,58021.0,18098.0
18,2022,29295.2110671912,100526.519775603,123108.808015534,10346,2.0208244055555555,27001.88002210774,7.475,1902.0,228,53437.0261,12858.50867,17222.99721,41124.8542,70405.75559,0.0,0.0,14457.80395,0.0,24933.05731,26091.243169999998,91229.19785,40190.09394,450.9,2018.4,120.8,6396.1,712.2,3162.3,4242.3,2109.9,3940.4,7377.7,-0.21,0.403,224457.0,60255.0,12510.0
19,2017,23558.0623243453,83749.8937521115,98028.9244725224,7261,1.736732788888889,23695.85611873425,7.449999999999999,2173.0,246,58320.16739,0.0,0.0,34820.07412,53944.44298,0.0,42113.36194,0.0,0.0,0.0,20921.21107,76039.36670999999,33494.36584,534.1,1664.6,97.6,5210.2,842.8,3502.1,4054.7,2354.1,4054.2000000000003,7081.3,1.163,1.72,185245.0,38160.0,15135.0
19,2022,23138.5786847256,79129.2443280275,103935.274591061,7509,1.7995945222222223,25182.63034911157,6.025,2211.0,239,37679.85338,12072.78152,16631.54023,37234.06663,53816.40457,0.0,0.0,12161.09774,0.0,21247.21985,21151.7464,73402.44264999998,33330.52589,450.9,2018.4,120.8,6396.1,712.2,3162.3,4242.3,2109.9,3940.4,7377.7,-0.21,0.403,185031.0,42851.0,12700.0
21,2017,71027.7787631116,198812.062540735,173767.107823709,19572,2.170824061111111,27063.104072520273,7.800000000000001,2815.0,555,108521.43727,0.0,0.0,66034.11659,102265.24991,0.0,111722.28122,0.0,0.0,0.0,64157.256010000005,179604.56157,65044.49196000001,534.1,1664.6,97.6,5210.2,842.8,3502.1,4054.7,2354.1,4054.2000000000003,7081.3,1.163,1.72,360646.0,77255.0,26652.0
21,2022,73940.5835009655,193532.16596398,185855.071078289,19320,2.080469322222222,31012.81053099763,5.6,2872.0,597,73417.82193,19352.39228,39900.28528,71684.03044,99951.92259,0.0,0.0,43233.4741,0.0,48853.54547,67522.05963999999,179018.53574,64715.05404,450.9,2018.4,120.8,6396.1,712.2,3162.3,4242.3,2109.9,3940.4,7377.7,-0.21,0.403,366828.0,89553.0,19232.0
22,2017,57278.5773362422,205351.82018913,233848.420268205,17654,1.7154945111111113,24532.211853136912,8.325,3759.0,545,132377.23,0.0,0.0,81646.67639,128445.47239,0.0,112375.12261,0.0,0.0,0.0,51311.56491,185013.73787,81004.21139,534.1,1664.6,97.6,5210.2,842.8,3502.1,4054.7,2354.1,4054.2000000000003,7081.3,1.163,1.72,455840.0,87670.0,32887.0
22,2022,59817.5353146255,200088.096419033,252691.80748068,17158,1.6272645055555557,26364.087322253767,6.275,3847.0,646,82879.40168,28772.58616,44154.72988,91529.54327,132649.4522,0.0,0.0,34242.62383,0.0,57245.97931,54314.56023,184475.45305,82215.56126,450.9,2018.4,120.8,6396.1,712.2,3162.3,4242.3,2109.9,3940.4,7377.7,-0.21,0.403,471760.0,100204.0,26972.0
23,2017,9884.23309665158,38862.5149143803,54497.809548294,2728,1.3102258666666666,20027.859101989678,8.525,891.0,89,33757.43529,0.0,0.0,16232.86683,28798.1434,0.0,17900.93587,0.0,0.0,0.0,8728.87995,35040.17065,18334.08581,534.1,1664.6,97.6,5210.2,842.8,3502.1,4054.7,2354.1,4054.2000000000003,7081.3,1.163,1.72,93122.0,21738.0,7806.0
23,2022,9288.49991107624,35971.9587401569,55022.0045126074,2997,1.4662480722222222,21941.892757291156,6.975,920.0,111,20964.81865,6475.5467,7075.24463,17705.8509,28550.49496,0.0,0.0,4856.30381,0.0,8983.2876,8632.13195,32662.79463,17661.702419999998,450.9,2018.4,120.8,6396.1,712.2,3162.3,4242.3,2109.9,3940.4,7377.7,-0.21,0.403,90958.0,23479.0,5915.0
24,2017,36251.230549234,140272.146907173,177739.609254962,11614,1.6484384222222221,22077.307135203777,9.65,2297.0,399,111210.59024,0.0,0.0,55788.26675,94416.55187,0.0,68584.4973,0.0,0.0,0.0,30808.96627,123500.20288000001,60014.6042,534.1,1664.6,97.6,5210.2,842.8,3502.1,4054.7,2354.1,4054.2000000000003,7081.3,1.163,1.72,313901.0,65757.0,25155.0
24,2022,36536.0922795717,133405.412036368,190767.260414283,11902,1.6834492277777777,24905.40959295235,7.2,2349.0,427,72459.69928,22226.38919,27298.08483,62690.926,96365.71984,0.0,0.0,20623.51484,0.0,34565.52004,31754.830409999995,120901.70175,61121.92364000001,450.9,2018.4,120.8,6396.1,712.2,3162.3,4242.3,2109.9,3940.4,7377.7,-0.21,0.403,318129.0,72606.0,18941.0
25,2017,67724.0530334375,205133.771830375,165279.230763541,20509,2.2781154333333333,27472.64166829908,8.25,2962.0,573,114270.91657,0.0,0.0,64106.66044,104825.67469,0.0,104841.75505,0.0,0.0,0.0,60639.762919999994,184351.98217,61167.611939999995,534.1,1664.6,97.6,5210.2,842.8,3502.1,4054.7,2354.1,4054.2000000000003,7081.3,1.163,1.72,368314.0,84624.0,26079.0
25,2022,69923.3155414217,202491.750959623,177639.998603109,19534,2.0591447,33714.54791963815,6.5,3004.0,591,81150.70649,19676.54593,38322.37272,71478.57969,104797.21192,0.0,0.0,35461.82492,0.0,48432.1854,63793.704,185118.02284000002,63124.51224,450.9,2018.4,120.8,6396.1,712.2,3162.3,4242.3,2109.9,3940.4,7377.7,-0.21,0.403,368437.0,95455.0,18190.0
26,2017,52949.4201459116,187230.014476257,172627.892821591,25655,3.0369673833333333,24770.302399376873,10.125,3132.0,666,113194.54269,0.0,0.0,65269.64027,96347.74706,0.0,102859.30969,0.0,0.0,0.0,45678.16135,166237.38618000003,61656.77094,534.1,1664.6,97.6,5210.2,842.8,3502.1,4054.7,2354.1,4054.2000000000003,7081.3,1.163,1.72,369462.0,82109.0,26411.0
26,2022,54177.9753293828,187545.940719896,188699.446043546,23097,2.637881838888889,27086.72936343547,7.825,3154.0,759,77319.68765,21968.49043,38978.45456,72160.47784,97896.13666,0.0,0.0,36112.19843,0.0,49570.39141,47480.623,169818.97135999997,64823.53656,450.9,2018.4,120.8,6396.1,712.2,3162.3,4242.3,2109.9,3940.4,7377.7,-0.21,0.403,382280.0,96584.0,21116.0
27,2017,64277.1157327574,230950.802741639,186931.647663558,21234,2.132637072222222,25168.156806649302,9.5,3321.0,374,143565.54759,0.0,0.0,73662.72267,126433.04925,0.0,96265.72987,0.0,0.0,0.0,55320.2477,206230.98481999998,73958.27401999998,534.1,1664.6,97.6,5210.2,842.8,3502.1,4054.7,2354.1,4054.2000000000003,7081.3,1.163,1.72,427522.0,97296.0,29221.0
27,2022,63258.9060837339,221827.465257033,202759.573023275,20715,2.0364783055555558,31221.215536629887,7.025,3377.0,421,103637.84495,24449.47451,32538.31291,80909.48625,126376.09414,0.0,0.0,29658.14982,0.0,49142.40995,56070.503639999995,202259.6068,75039.72321000001,450.9,2018.4,120.8,6396.1,712.2,3162.3,4242.3,2109.9,3940.4,7377.7,-0.21,0.403,432273.0,104821.0,19537.0
28,2017,44475.1342603141,164444.252567903,140531.536776422,14715,2.0346815611111113,26062.91061315866,8.85,2396.0,306,104144.57099,0.0,0.0,51569.01812,91673.69322,0.0,72368.22748,0.0,0.0,0.0,38837.33804,147583.75627999997,53534.054260000004,534.1,1664.6,97.6,5210.2,842.8,3502.1,4054.7,2354.1,4054.2000000000003,7081.3,1.163,1.72,301455.0,71216.0,20669.0
28,2022,44810.034883553,157204.673211903,150723.387668381,14028,1.8970006444444445,32568.765165014018,6.725,2408.0,337,74729.74593,17810.98542,24854.22502,56903.80914,90121.69079,0.0,0.0,22527.65339,0.0,36169.48519,40268.961240000004,143704.43249,54044.04649,450.9,2018.4,120.8,6396.1,712.2,3162.3,4242.3,2109.9,3940.4,7377.7,-0.21,0.403,304007.0,79606.0,13661.0
29,2017,101477.564993617,329882.958862104,322687.161121962,31959,2.034582116666667,25286.80379945483,8.200000000000001,5343.0,815,166839.13219,0.0,0.0,129907.13935,185499.31802,0.0,194632.48535,0.0,0.0,0.0,90837.08109,295671.94581999996,118278.70615,534.1,1664.6,97.6,5210.2,842.8,3502.1,4054.7,2354.1,4054.2000000000003,7081.3,1.163,1.72,690439.0,144538.0,51327.0
29,2022,103699.469055888,324304.182137492,354419.718814493,30808,1.9175814999999998,28443.71680735677,6.15,5411.0,957,98354.63599,41479.30198,76522.12548,141928.44669,186111.93546,0.0,0.0,67423.89367,0.0,93850.93445,94369.54897,298488.71128,121846.81025000001,450.9,2018.4,120.8,6396.1,712.2,3162.3,4242.3,2109.9,3940.4,7377.7,-0.21,0.403,709818.0,161974.0,42852.0
2A,2017,14356.4359511305,60796.0690498161,55552.9776461723,6087,2.2350225999999997,25245.674596431607,9.1,520.0,189,38929.75478,0.0,0.0,27243.35438,25167.52964,0.0,30101.92744,0.0,0.0,0.0,12619.5807,54999.53826,19433.71178,534.1,1664.6,97.6,5210.2,842.8,3502.1,4054.7,2354.1,4054.2000000000003,7081.3,1.163,1.72,108760.0,38512.0,5638.0
2A,2022,13313.1187712022,62883.8269331772,62621.7092361019,5642,1.9431439611111108,24889.706625669285,5.775,520.0,257,23466.0441,10322.15522,13691.07917,31297.43015,27465.66475,0.0,0.0,10406.49422,0.0,14170.41302,12498.57469,58647.933899999996,20750.29349,450.9,2018.4,120.8,6396.1,712.2,3162.3,4242.3,2109.9,3940.4,7377.7,-0.21,0.403,113904.0,44739.0,4154.0
2B,2017,18640.4016801438,68045.0586587003,62218.1442167568,6189,1.983342122222222,22490.82806609449,9.75,701.0,222,47933.30456,0.0,0.0,28270.26705,26850.67928,0.0,33391.99906,0.0,0.0,0.0,16313.8458,60724.70023,21946.842200000003,534.1,1664.6,97.6,5210.2,842.8,3502.1,4054.7,2354.1,4054.2000000000003,7081.3,1.163,1.72,124873.0,45639.0,6899.0
2B,2022,19162.0254981992,68846.4093433826,70896.1696926322,5593,1.6987503,22941.257763321748,6.425000000000001,702.0,280,32488.56326,11832.31945,13526.7934,32704.0502,29559.95668,0.0,0.0,11609.25773,0.0,13552.16237,17535.03456,63354.02985,23773.041050000003,450.9,2018.4,120.8,6396.1,712.2,3162.3,4242.3,2109.9,3940.4,7377.7,-0.21,0.403,129096.0,50359.0,5380.0
30,2017,79790.795125201,269395.572041772,262714.033933192,35490,2.8618491444444443,23269.189502620644,12.55,3543.0,808,174307.66178,0.0,0.0,97880.44515,136758.4845,0.0,145311.58071,0.0,0.0,0.0,68920.97976,232670.92752000003,93150.02859999999,534.1,1664.6,97.6,5210.2,842.8,3502.1,4054.7,2354.1,4054.2000000000003,7081.3,1.163,1.72,537840.0,130425.0,37436.0
30,2022,81626.2701101336,264395.93617938,291070.996608331,31544,2.457501483333333,26512.45376220244,9.925,3644.0,899,121824.80812,36033.61053,55189.20653,107349.95164,142396.61566,0.0,0.0,48955.39395,0.0,66873.68673,72367.17248,235257.24566999997,97740.82214999999,450.9,2018.4,120.8,6396.1,712.2,3162.3,4242.3,2109.9,3940.4,7377.7,-0.21,0.403,555277.0,146848.0,27684.0
31,2017,192570.66477536,554206.706062555,363665.117115879,80680,3.7076394,28376.989631417666,9.2,6006.0,2010,205049.16947,0.0,0.0,163904.20988,190853.71875,0.0,387571.93184,0.0,0.0,0.0,172362.38851000002,493014.63068,139311.95445,534.1,1664.6,97.6,5210.2,842.8,3502.1,4054.7,2354.1,4054.2000000000003,7081.3,1.163,1.72,906832.0,220547.0,60572.0
31,2022,209225.558945961,584370.015081253,413954.76413257,76033,3.1341489555555553,31150.760874188098,7.375,6219.0,2408,139201.78373,47805.71982,130900.11843,182995.07613,194812.44653,0.0,0.0,201063.90116,0.0,136688.43297,190971.89175,532073.87613,156469.43691,450.9,2018.4,120.8,6396.1,712.2,3162.3,4242.3,2109.9,3940.4,7377.7,-0.21,0.403,930579.0,223557.0,51784.0
32,2017,16429.8249757368,65654.7652687973,79154.3478352836,5496,1.7724369999999998,23008.33423731171,7.225,1739.0,172,47871.84119,0.0,0.0,26956.47539,38650.49986,0.0,36584.70402,0.0,0.0,0.0,14445.26275,59928.07435000001,27198.07354,534.1,1664.6,97.6,5210.2,842.8,3502.1,4054.7,2354.1,4054.2000000000003,7081.3,1.163,1.72,144950.0,27635.0,11574.0
32,2022,16719.8723770422,63001.935978733,84782.858778857,5316,1.6084740055555555,26678.424059951252,5.675,1763.0,221,31352.89922,9415.18559,14370.24501,29451.76557,39652.99879,0.0,0.0,11681.89719,0.0,17380.45512,15198.901380000001,58208.33187,28029.54791,450.9,2018.4,120.8,6396.1,712.2,3162.3,4242.3,2109.9,3940.4,7377.7,-0.21,0.403,147268.0,30993.0,9512.0
33,2017,202935.146288838,614488.971168361,479177.98555315,77533,2.9512679111111115,26935.932540306345,9.375,5476.0,2218,284872.15783,0.0,0.0,199557.00838,286546.42693,0.0,365223.45731,0.0,0.0,0.0,179844.11796,547444.57475,178876.78658999997,534.1,1664.6,97.6,5210.2,842.8,3502.1,4054.7,2354.1,4054.2000000000003,7081.3,1.163,1.72,1086565.0,251825.0,73193.0
33,2022,213322.145368927,651405.409820798,532245.052517998,86542,3.112742577777778,28043.061045645078,6.55,5563.0,2681,195072.5436,62420.15183,136562.26067,222188.57265,286755.35229,0.0,0.0,171829.70942,0.0,154152.70824,195137.87395,595797.26585,188095.85212,450.9,2018.4,120.8,6396.1,712.2,3162.3,4242.3,2109.9,3940.4,7377.7,-0.21,0.403,1158551.0,288844.0,59890.0
34,2017,146719.84182932,422815.607492001,372183.959491887,71658,3.694285077777778,24186.539943003958,12.975,4869.0,1796,230940.93957,0.0,0.0,148389.59112,179413.95036,0.0,262767.93446,0.0,0.0,0.0,127845.48642000002,363331.8921,128568.88862,534.1,1664.6,97.6,5210.2,842.8,3502.1,4054.7,2354.1,4054.2000000000003,7081.3,1.163,1.72,800264.0,197629.0,55367.0
34,2022,157357.172301599,440816.216625133,423476.637734732,66336,3.1839399166666666,27269.571103473467,10.1,5045.0,2088,159775.09523,54709.69231,102164.70177,166515.66524,187544.66912,0.0,0.0,118858.4397,0.0,102363.46746,140015.14001,389668.47465000005,137848.96622,450.9,2018.4,120.8,6396.1,712.2,3162.3,4242.3,2109.9,3940.4,7377.7,-0.21,0.403,847479.0,225798.0,41829.0
35,2017,144252.477792604,407804.89213613,299124.416194533,36472,2.013601105555556,27093.215728988413,7.2,3522.0,1322,184963.41783,0.0,0.0,128200.53654,182813.46173,0.0,238532.08976,0.0,0.0,0.0,130497.71742,371294.23404999997,114402.13760999999,534.1,1664.6,97.6,5210.2,842.8,3502.1,4054.7,2354.1,4054.2000000000003,7081.3,1.163,1.72,730055.0,148868.0,46034.0
35,2022,153451.297609186,422274.77694054,334583.648884841,38005,2.003162816666667,30168.41141019077,5.375,3580.0,1624,125272.57837,37895.42699,91290.85678,142914.80676,184908.48319,0.0,0.0,105378.34918,0.0,101373.10761,141211.27688999998,390977.08508,124160.28457,450.9,2018.4,120.8,6396.1,712.2,3162.3,4242.3,2109.9,3940.4,7377.7,-0.21,0.403,771870.0,169031.0,39489.0
36,2017,20853.3613886234,76350.8665045688,92282.9303182024,6537,1.7087493277777779,21857.501442632805,9.1,2309.0,181,63064.54629,0.0,0.0,27087.36945,54834.37049,0.0,31037.84017,0.0,0.0,0.0,17790.30053,68075.72014,31315.774459999997,534.1,1664.6,97.6,5210.2,842.8,3502.1,4054.7,2354.1,4054.2000000000003,7081.3,1.163,1.72,170405.0,39911.0,12640.0
36,2022,20280.4094090886,69677.8562222859,96251.6624398982,7771,2.0590150666666664,24503.48198879054,7.125,2365.0,186,43470.67012,10166.05958,11672.33834,29413.54556,53893.06382,0.0,0.0,8650.40579,0.0,15916.40614,17916.41358,63616.82466,30583.23116,450.9,2018.4,120.8,6396.1,712.2,3162.3,4242.3,2109.9,3940.4,7377.7,-0.21,0.403,166057.0,41208.0,8768.0
37,2017,74659.2088744484,223632.433957154,202326.428179469,23028,2.2290413000000004,25747.490217518534,8.5,3144.0,729,123498.9954,0.0,0.0,74668.8044,118047.95402,0.0,125632.61918,0.0,0.0,0.0,66623.23316,199576.06509000002,73683.65547,534.1,1664.6,97.6,5210.2,842.8,3502.1,4054.7,2354.1,4054.2000000000003,7081.3,1.163,1.72,428840.0,98512.0,29855.0
37,2022,78308.1617539313,220334.039682234,216739.105608434,26075,2.494833927777778,28852.496503321847,6.45,3176.0,839,84579.78658,22635.35015,45771.47842,81139.76799,116567.69437,0.0,0.0,47978.12462,0.0,55551.20751,70580.11163000001,200999.88559,73672.72421,450.9,2018.4,120.8,6396.1,712.2,3162.3,4242.3,2109.9,3940.4,7377.7,-0.21,0.403,440750.0,108984.0,22088.0
38,2017,157343.9182349,485934.040540721,368070.920741155,59434,2.9423860944444447,27877.691525545815,7.825,5365.0,1400,235091.20863,0.0,0.0,147270.07572,213437.96935,0.0,292681.32019,0.0,0.0,0.0,141250.39572000003,439777.28867,140875.66859000002,534.1,1664.6,97.6,5210.2,842.8,3502.1,4054.7,2354.1,4054.2000000000003,7081.3,1.163,1.72,856330.0,202643.0,56622.0
38,2022,162614.092019841,484654.149133636,408201.194287443,64429,2.999124561111111,32964.43260654974,5.875,5458.0,1470,168128.45974,41569.06721,97264.91073,160747.82399,215579.62838,0.0,0.0,129066.64248,0.0,118830.89126,148918.75592999998,448411.83794,151822.54338999998,450.9,2018.4,120.8,6396.1,712.2,3162.3,4242.3,2109.9,3940.4,7377.7,-0.21,0.403,885672.0,229398.0,43467.0
39,2017,26026.3530925741,95957.168857909,92801.7454283886,7806,1.7512420444444445,25233.479710433687,6.85,1623.0,235,60395.48745,0.0,0.0,33540.64583,58605.09789,0.0,44747.35709,0.0,0.0,0.0,23322.67716,86691.23294,33653.46412,534.1,1664.6,97.6,5210.2,842.8,3502.1,4054.7,2354.1,4054.2000000000003,7081.3,1.163,1.72,190316.0,41062.0,15361.0
39,2022,25679.3542780914,90484.5009883861,100405.021256447,7875,1.7535341666666666,29767.173628400495,5.05,1656.0,248,40160.16858,11464.04746,17144.52747,36597.25502,58511.95447,0.0,0.0,12531.8318,0.0,23348.2364,23483.293550000002,84433.07192,34477.04534,450.9,2018.4,120.8,6396.1,712.2,3162.3,4242.3,2109.9,3940.4,7377.7,-0.21,0.403,190644.0,45869.0,11194.0
40,2017,36939.7826840069,148408.046663756,153380.754485262,15688,2.236208827777778,24703.011607642107,9.024999999999999,2130.0,404,88618.36619,0.0,0.0,57518.67541,95092.08874,0.0,73512.89104,0.0,0.0,0.0,31560.87808,131927.93409,53758.24817,534.1,1664.6,97.6,5210.2,842.8,3502.1,4054.7,2354.1,4054.2000000000003,7081.3,1.163,1.72,310122.0,62813.0,24690.0
40,2022,38873.5886960711,150292.534884583,174160.233687762,14272,1.9506738000000001,27391.549647070908,6.85,2187.0,435,61184.98856,19009.57715,28836.40086,66127.25054,98985.74901,0.0,0.0,23180.92462,0.0,41088.88041,34353.64903,137104.86107,58034.72689,450.9,2018.4,120.8,6396.1,712.2,3162.3,4242.3,2109.9,3940.4,7377.7,-0.21,0.403,329376.0,73120.0,20685.0
41,2017,32199.1189698615,119093.060047775,123535.227015629,12067,2.1705417833333334,24757.72011749564,8.0,2229.0,250,85049.74897,0.0,0.0,39027.49473,75227.80824,0.0,53933.77748,0.0,0.0,0.0,28563.861060000003,106377.98901000002,43693.29831,534.1,1664.6,97.6,5210.2,842.8,3502.1,4054.7,2354.1,4054.2000000000003,7081.3,1.163,1.72,245294.0,54567.0,17948.0
41,2022,31470.7565491329,112230.397971534,131116.537544567,10337,1.8449763833333332,29182.266463628406,5.975,2254.0,288,59834.80342,13537.43565,18949.59373,42661.4545,76168.46162,0.0,0.0,16336.56132,0.0,26659.86256,28831.1102,102714.44151,43345.05859,450.9,2018.4,120.8,6396.1,712.2,3162.3,4242.3,2109.9,3940.4,7377.7,-0.21,0.403,244640.0,58413.0,11919.0
42,2017,90323.0379338015,273306.522455372,259872.076314291,33210,2.6398301111111113,24169.605394683334,9.2,3275.0,754,176494.94649,0.0,0.0,93574.41998,155645.60859,0.0,131332.94318,0.0,0.0,0.0,78477.81651,244101.42078999997,89578.68162,534.1,1664.6,97.6,5210.2,842.8,3502.1,4054.7,2354.1,4054.2000000000003,7081.3,1.163,1.72,510903.0,123362.0,34501.0
42,2022,93470.1708037036,268818.16076597,273842.182834168,32415,2.48201155,29691.8881110099,7.125,3311.0,828,126427.42012,27488.51286,50328.7661,101196.89313,156721.96306,0.0,0.0,43141.91492,0.0,63348.88528,83354.20175000001,244709.08270000003,90445.56075,450.9,2018.4,120.8,6396.1,712.2,3162.3,4242.3,2109.9,3940.4,7377.7,-0.21,0.403,513962.0,136870.0,25417.0
43,2017,22157.433707499,82122.6067356768,84207.82962963,6033,1.5532986166666667,23011.272190867112,7.4,1697.0,199,53164.31654,0.0,0.0,31420.59781,49458.62957,0.0,39071.22034,0.0,0.0,0.0,19829.32587,74923.64327999999,30375.26558,534.1,1664.6,97.6,5210.2,842.8,3502.1,4054.7,2354.1,4054.2000000000003,7081.3,1.163,1.72,177116.0,37641.0,14104.0
43,2022,22523.707404077,78086.6771501516,91438.856879862,7510,1.898515738888889,23786.99577282063,5.575,1704.0,227,33330.53199,11731.77662,15541.64287,34752.60242,49841.70728,0.0,0.0,10515.50574,0.0,20939.42062,20686.59415,72843.86559999999,31288.59824,450.9,2018.4,120.8,6396.1,712.2,3162.3,4242.3,2109.9,3940.4,7377.7,-0.21,0.403,180716.0,41139.0,10937.0
44,2017,172134.795132201,537856.737721441,404544.211828435,73439,3.1672602333333333,27707.38283242206,7.55,6156.0,1921,222249.54275,0.0,0.0,170447.96363,267034.52233,0.0,323005.75241,0.0,0.0,0.0,153940.81068,485980.07224999997,154452.57249,534.1,1664.6,97.6,5210.2,842.8,3502.1,4054.7,2354.1,4054.2000000000003,7081.3,1.163,1.72,993413.0,214740.0,69975.0
44,2022,183786.470660831,570690.482053895,451451.017312914,73392,2.9840944555555553,30390.400909992528,5.7,6348.0,2249,152299.89426,45623.41584,121942.26986,190215.79256,266742.47603,0.0,0.0,144955.67934,0.0,142331.97741,169572.75139,525460.02202,162865.03454,450.9,2018.4,120.8,6396.1,712.2,3162.3,4242.3,2109.9,3940.4,7377.7,-0.21,0.403,1057081.0,255271.0,57816.0
45,2017,77588.6242812214,254824.946830329,212755.344761561,28665,2.5967982944444445,26082.9087807323,9.05,2997.0,580,148001.72748,0.0,0.0,78983.33447,133675.91487,0.0,129623.20687,0.0,0.0,0.0,68025.42922,226946.42434000003,79178.89785000001,534.1,1664.6,97.6,5210.2,842.8,3502.1,4054.7,2354.1,4054.2000000000003,7081.3,1.163,1.72,452621.0,103643.0,30731.0
45,2022,81504.7368133627,251323.781561362,228648.529393936,25636,2.1949975000000004,30473.821769870217,7.075,3027.0,658,106478.43529,26939.58657,44989.51239,87550.46552,132065.24501,0.0,0.0,46564.99356,0.0,58903.41046,72371.24906999999,228756.58079000004,80663.80283999999,450.9,2018.4,120.8,6396.1,712.2,3162.3,4242.3,2109.9,3940.4,7377.7,-0.21,0.403,457763.0,115792.0,20725.0
46,2017,14798.4229635841,57337.9651582767,76388.3962462199,4581,1.5562923055555555,23336.26216851929,8.775,1775.0,192,43008.05485,0.0,0.0,25342.77783,36600.34093,0.0,33607.4932,0.0,0.0,0.0,12845.67394,51411.29858999999,25540.23295,534.1,1664.6,97.6,5210.2,842.8,3502.1,4054.7,2354.1,4054.2000000000003,7081.3,1.163,1.72,136265.0,27297.0,11454.0
46,2022,13650.8757861761,55689.0129364017,82672.7581492483,5166,1.6892252166666666,25785.622063832776,7.3,1790.0,241,27165.62638,9261.62195,13408.2805,27864.89196,37865.51588,0.0,0.0,10746.46351,0.0,16374.43252,12563.48374,50258.818439999995,26077.52318,450.9,2018.4,120.8,6396.1,712.2,3162.3,4242.3,2109.9,3940.4,7377.7,-0.21,0.403,139238.0,31406.0,10040.0
47,2017,32516.9106302329,115698.196318279,130812.425878228,12075,2.2765672277777775,22196.46604949101,9.25,2247.0,344,89324.52588,0.0,0.0,42477.48977,70577.31714,0.0,54426.24856,0.0,0.0,0.0,27744.47785,102125.39602000001,44144.77229,534.1,1664.6,97.6,5210.2,842.8,3502.1,4054.7,2354.1,4054.2000000000003,7081.3,1.163,1.72,240882.0,52263.0,17019.0
47,2022,32025.1309707232,110372.955560144,138077.325751392,11509,2.0443160555555555,26095.31757301639,7.45,2272.0,332,60562.4302,16078.85841,20542.87942,47368.05158,72095.29604,0.0,0.0,15743.71419,0.0,27352.52961,28566.21683,99871.87032999998,44361.91975,450.9,2018.4,120.8,6396.1,712.2,3162.3,4242.3,2109.9,3940.4,7377.7,-0.21,0.403,241312.0,58106.0,12858.0
48,2017,7800.49919607346,27431.5830534027,29395.7114039178,1854,1.3709295388888887,21698.881614092403,5.95,1158.0,86,17856.07379,0.0,0.0,11101.06233,14991.27011,0.0,14833.93893,0.0,0.0,0.0,6908.70879,25086.060940000003,10677.2292,534.1,1664.6,97.6,5210.2,842.8,3502.1,4054.7,2354.1,4054.2000000000003,7081.3,1.163,1.72,59496.0,11884.0,5008.0
48,2022,7629.5839280697,26120.9720634384,31448.9206165915,2076,1.5244137722222222,22504.324100826645,4.625,1167.0,90,11618.67508,3954.27966,5721.03806,12302.27978,15112.98633,0.0,0.0,3966.43554,0.0,7287.45685,7143.786609999999,24265.21728,10787.74475,450.9,2018.4,120.8,6396.1,712.2,3162.3,4242.3,2109.9,3940.4,7377.7,-0.21,0.403,59801.0,13099.0,4072.0
49,2017,101931.062492605,299982.203808888,250032.006611317,27296,2.0071013833333335,25135.522932710704,8.5,4575.0,799,176290.38673,0.0,0.0,95820.86762,156772.43991,0.0,147327.70232,0.0,0.0,0.0,90710.38536,268297.41366,93430.96509,534.1,1664.6,97.6,5210.2,842.8,3502.1,4054.7,2354.1,4054.2000000000003,7081.3,1.163,1.72,569235.0,121568.0,38496.0
49,2022,109342.764051577,295379.66483824,273244.457301351,26575,1.8967895555555556,29693.86896825756,6.45,4753.0,917,124402.27824,28890.76011,56077.6063,106897.63254,157479.40115,0.0,0.0,53535.79743,0.0,71249.04603,99233.00458,272449.35706,96462.91913,450.9,2018.4,120.8,6396.1,712.2,3162.3,4242.3,2109.9,3940.4,7377.7,-0.21,0.403,589468.0,138502.0,28550.0
50,2017,49942.1781171156,176675.529111487,186634.794798309,12546,1.4449020055555555,24184.511047231375,7.225,2232.0,338,129317.26897,0.0,0.0,60627.664,113994.76691,0.0,76686.85133,0.0,0.0,0.0,44273.31063000001,160817.9545,67148.0406,534.1,1664.6,97.6,5210.2,842.8,3502.1,4054.7,2354.1,4054.2000000000003,7081.3,1.163,1.72,379038.0,82803.0,25189.0
50,2022,47215.4948361786,167525.668263867,203391.527650045,12522,1.4445993277777778,27876.05187929659,5.05,2264.0,382,88471.93349,21259.61926,29336.65136,68332.94083,115975.97354,0.0,0.0,23631.3251,0.0,40349.36336,43828.21921999999,156872.69106999997,69255.35831,450.9,2018.4,120.8,6396.1,712.2,3162.3,4242.3,2109.9,3940.4,7377.7,-0.21,0.403,384662.0,91046.0,19057.0
51,2017,75441.2231600573,215960.245744984,176849.875334177,25840,2.697507683333333,26769.426328681355,8.825,3093.0,462,129921.25402,0.0,0.0,66867.9864,110384.61462,0.0,104756.79509,0.0,0.0,0.0,66280.34643,192349.39135,68376.02673,534.1,1664.6,97.6,5210.2,842.8,3502.1,4054.7,2354.1,4054.2000000000003,7081.3,1.163,1.72,381657.0,95150.0,24483.0
51,2022,73901.4126427752,207224.429282147,186677.884733194,24175,2.480249261111111,35603.26926876963,7.025,3146.0,508,92804.79975,20911.50751,35922.40756,72855.55394,106691.54636,0.0,0.0,36645.18031,0.0,46833.47559,67116.30833,186932.53321,66421.49454,450.9,2018.4,120.8,6396.1,712.2,3162.3,4242.3,2109.9,3940.4,7377.7,-0.21,0.403,380766.0,99374.0,14921.0
52,2017,17814.5722140515,63832.1159034373,67435.6525945523,6875,2.2717366222222224,22057.510654173006,8.55,1227.0,117,50419.63642,0.0,0.0,22476.43696,41855.68212,0.0,23858.86627,0.0,0.0,0.0,15368.31332,56931.26524,24722.614739999997,534.1,1664.6,97.6,5210.2,842.8,3502.1,4054.7,2354.1,4054.2000000000003,7081.3,1.163,1.72,134119.0,32081.0,9095.0
52,2022,17415.3837717865,57257.119467629,69469.9284824859,6325,2.142854077777778,25716.558705779215,6.25,1255.0,114,35107.6486,7933.22024,7790.99312,24041.07239,40799.44983,0.0,0.0,5611.40525,0.0,12778.00723,15204.502809999998,52276.49606,23573.190150000002,450.9,2018.4,120.8,6396.1,712.2,3162.3,4242.3,2109.9,3940.4,7377.7,-0.21,0.403,129397.0,32607.0,5509.0
53,2017,32832.2477639003,110884.486930402,104050.942819167,8892,1.69108865,24482.89738370173,6.15,2495.0,182,76288.43936,0.0,0.0,36846.22983,65199.42041,0.0,47048.69389,0.0,0.0,0.0,29934.809419999998,102391.9654,38192.92602,534.1,1664.6,97.6,5210.2,842.8,3502.1,4054.7,2354.1,4054.2000000000003,7081.3,1.163,1.72,222338.0,46235.0,14820.0
53,2022,34072.9804966889,106791.135670504,110068.364457989,9091,1.704402411111111,27663.051815443057,4.975,2602.0,216,54745.52732,12130.93912,17550.11328,40316.50974,65764.79235,0.0,0.0,13205.6809,0.0,24723.99922,31698.754719999997,99215.75036999998,38772.19895,450.9,2018.4,120.8,6396.1,712.2,3162.3,4242.3,2109.9,3940.4,7377.7,-0.21,0.403,224819.0,51035.0,10441.0
54,2017,102238.253697299,276847.566887847,228863.511417435,30806,2.478502872222222,25345.543104178396,9.25,3390.0,631,148901.28426,0.0,0.0,88717.93177,147116.40516,0.0,142549.36114,0.0,0.0,0.0,90376.62471,245881.27016,87706.25636999999,534.1,1664.6,97.6,5210.2,842.8,3502.1,4054.7,2354.1,4054.2000000000003,7081.3,1.163,1.72,495086.0,124859.0,32546.0
54,2022,102006.418874223,269349.038559681,241765.381900719,28394,2.2279009944444446,30441.713048522248,6.949999999999999,3460.0,665,106969.09652,24248.76317,51647.98406,96082.69712,141714.17844,0.0,0.0,50122.93037,0.0,62220.68788,92394.05604,245629.40853,87124.847,450.9,2018.4,120.8,6396.1,712.2,3162.3,4242.3,2109.9,3940.4,7377.7,-0.21,0.403,492287.0,133308.0,22316.0
55,2017,19490.8060901799,69628.0861467815,66748.0110532758,6531,2.0774552166666664,22686.100221299876,8.975,989.0,106,47838.29425,0.0,0.0,24301.08491,44706.9074,0.0,27123.77738,0.0,0.0,0.0,16885.82549,61693.36927,25584.05539,534.1,1664.6,97.6,5210.2,842.8,3502.1,4054.7,2354.1,4054.2000000000003,7081.3,1.163,1.72,137552.0,31478.0,9414.0
55,2022,18294.316182078,62499.0555169834,70918.819920706,6715,2.150314855555555,27411.409657861917,7.2,1002.0,107,33447.58606,7047.83385,9634.31277,26647.26825,43232.03618,0.0,0.0,6346.93808,0.0,14531.92168,16517.26584,57129.7432,24777.902769999997,450.9,2018.4,120.8,6396.1,712.2,3162.3,4242.3,2109.9,3940.4,7377.7,-0.21,0.403,134802.0,32475.0,5618.0
56,2017,74815.6113656986,266157.190925255,277016.877793419,23422,1.8332464166666667,25516.139045426313,8.4,4893.0,768,154358.04947,0.0,0.0,102411.77575,162225.12908,0.0,145045.48191,0.0,0.0,0.0,66730.12819999999,238456.85556,99755.69172999999,534.1,1664.6,97.6,5210.2,842.8,3502.1,4054.7,2354.1,4054.2000000000003,7081.3,1.163,1.72,576899.0,117229.0,41362.0
56,2022,78016.9734241957,263849.28540535,312041.94599862,24265,1.8188235722222221,27825.02940753988,5.8,4984.0,898,99311.96868,34923.24952,58804.7892,116763.55702,165330.44453,0.0,0.0,49144.49691,0.0,74797.17385,70951.02613000001,242797.66987,105067.51336000001,450.9,2018.4,120.8,6396.1,712.2,3162.3,4242.3,2109.9,3940.4,7377.7,-0.21,0.403,609316.0,135060.0,33469.0
57,2017,116154.550831772,412841.811319869,337416.992514394,36529,2.1225993,25645.05789632855,9.55,6974.0,629,232147.51498,0.0,0.0,128091.76758,234485.44274,0.0,192385.78089,0.0,0.0,0.0,101112.93382,367827.81892,135263.64218999998,534.1,1664.6,97.6,5210.2,842.8,3502.1,4054.7,2354.1,4054.2000000000003,7081.3,1.163,1.72,751246.0,201732.0,46637.0
57,2022,113467.199608489,398653.43386714,363724.855475442,32760,1.8297751,31312.832119758077,7.125,7040.0,667,168335.02444,35088.37983,72222.32942,140653.4019,226377.78248,0.0,0.0,67360.61057,0.0,87633.58189,103215.96927999999,364255.62695,138073.91640000002,450.9,2018.4,120.8,6396.1,712.2,3162.3,4242.3,2109.9,3940.4,7377.7,-0.21,0.403,746147.0,212882.0,30064.0
58,2017,19270.6501937302,68483.2389681934,90610.0998888079,7047,1.9508558944444445,21857.324993470054,8.4,1025.0,159,57197.42097,0.0,0.0,26964.13939,51484.96363,0.0,30686.62067,0.0,0.0,0.0,16519.29502,61077.82692,30800.62386,534.1,1664.6,97.6,5210.2,842.8,3502.1,4054.7,2354.1,4054.2000000000003,7081.3,1.163,1.72,159382.0,38170.0,12103.0
58,2022,18803.7923971394,63298.5984578102,91950.7236948716,6572,1.8743756055555556,24174.853442905707,6.625,1041.0,174,38978.65832,9726.53548,11120.20414,28737.0542,50187.01616,0.0,0.0,8892.73118,0.0,14923.6795,16838.48944,57405.65034,29009.50395,450.9,2018.4,120.8,6396.1,712.2,3162.3,4242.3,2109.9,3940.4,7377.7,-0.21,0.403,154239.0,41089.0,8140.0
59,2017,356527.665502963,1005561.28762517,724510.811236703,152295,3.5262608277777776,23967.172155861823,12.2,8031.0,2156,587484.61654,0.0,0.0,298215.91144,443632.08578,0.0,495562.02058,0.0,0.0,0.0,306669.32074,867340.9783,286966.40384000004,534.1,1664.6,97.6,5210.2,842.8,3502.1,4054.7,2354.1,4054.2000000000003,7081.3,1.163,1.72,1804404.0,482933.0,104014.0
59,2022,362310.512691739,985057.425014218,778922.844149142,137199,3.1195927222222224,30682.635719395785,9.225,8167.0,2460,415319.76186,102583.27104,176315.2277,325636.70196,433941.60077,0.0,0.0,199290.67851,0.0,202435.41526,319627.20996999997,871551.4837100001,288464.54698,450.9,2018.4,120.8,6396.1,712.2,3162.3,4242.3,2109.9,3940.4,7377.7,-0.21,0.403,1814746.0,521129.0,67296.0
60,2017,94509.7319048518,327140.769926291,233452.759294033,37098,2.7123463,26445.54696377071,9.4,4280.0,523,190205.25545,0.0,0.0,98613.55785,157607.60736,0.0,145290.54736,0.0,0.0,0.0,82302.97742,291794.87220000004,96571.28584999999,534.1,1664.6,97.6,5210.2,842.8,3502.1,4054.7,2354.1,4054.2000000000003,7081.3,1.163,1.72,561950.0,133699.0,36747.0
60,2022,96710.4707618129,318732.213053231,252862.967271612,35473,2.5065957500000002,31807.053003809047,7.375,4311.0,583,137322.18564,32890.39887,50676.62311,108755.21559,156195.04617,0.0,0.0,48802.23828,0.0,68503.81609,85188.49738,288413.80837,98791.01381,450.9,2018.4,120.8,6396.1,712.2,3162.3,4242.3,2109.9,3940.4,7377.7,-0.21,0.403,564184.0,145130.0,23912.0
61,2017,28659.2879642697,97191.8687821175,110639.285223447,8003,1.6452690444444444,22404.7762962415,8.625,1515.0,202,81336.71533,0.0,0.0,32165.17501,66082.28473,0.0,38546.02273,0.0,0.0,0.0,24857.43304,87367.38181,39078.69534,534.1,1664.6,97.6,5210.2,842.8,3502.1,4054.7,2354.1,4054.2000000000003,7081.3,1.163,1.72,208691.0,45577.0,14762.0
61,2022,27582.0427221948,90059.3206781013,115468.04420525,9018,1.8819467166666668,27471.248624169813,6.575,1533.0,226,57953.13959,11597.28194,13930.94841,35680.04155,65905.61639,0.0,0.0,10959.28878,0.0,19517.35975,25235.472589999998,81457.86376000001,38169.97966,450.9,2018.4,120.8,6396.1,712.2,3162.3,4242.3,2109.9,3940.4,7377.7,-0.21,0.403,205553.0,48758.0,9537.0
62,2017,175449.921869573,557128.788294505,447124.354006327,65376,2.6549090333333334,21831.542927557643,11.5,5447.0,724,372218.26523,0.0,0.0,184044.65506,296963.77489,0.0,217113.49294,0.0,0.0,0.0,146560.97664,485647.14093,178134.40854000003,534.1,1664.6,97.6,5210.2,842.8,3502.1,4054.7,2354.1,4054.2000000000003,7081.3,1.163,1.72,1090441.0,262219.0,62533.0
62,2022,172660.81604738,536047.366869817,480576.164016055,56951,2.2819654444444444,28982.508201521327,8.25,5582.0,811,254208.53323,69983.09251,80868.45599,204939.68158,295152.91518,0.0,0.0,57802.17884,0.0,117260.33036,150747.52787999998,478991.37359,178267.02889,450.9,2018.4,120.8,6396.1,712.2,3162.3,4242.3,2109.9,3940.4,7377.7,-0.21,0.403,1093839.0,273743.0,38116.0
63,2017,80030.3679212516,243942.106394813,219891.466889094,25138,2.3177766388888887,25548.647747137955,8.15,4210.0,716,135278.62685,0.0,0.0,82810.84058,127520.35795,0.0,136460.68315,0.0,0.0,0.0,71211.52665,219643.19838000002,81819.49209999999,534.1,1664.6,97.6,5210.2,842.8,3502.1,4054.7,2354.1,4054.2000000000003,7081.3,1.163,1.72,460919.0,105034.0,34639.0
63,2022,83885.4608525266,239420.307460559,234435.768747839,24176,2.1404573166666667,26582.644824388524,6.25,4227.0,796,87279.63197,28880.03723,49526.73683,90582.85684,126613.00617,0.0,0.0,53104.73364,0.0,57618.92247,76568.65139,220364.24758,81784.73031000001,450.9,2018.4,120.8,6396.1,712.2,3162.3,4242.3,2109.9,3940.4,7377.7,-0.21,0.403,468144.0,116492.0,27807.0
64,2017,70034.932821873,250145.462272767,246141.790444134,22847,1.981675522222222,26142.086998120958,7.800000000000001,5786.0,872,124986.94761,0.0,0.0,92188.39174,141503.26707,0.0,155264.08176,0.0,0.0,0.0,62828.35191,225468.96769999998,86286.58838,534.1,1664.6,97.6,5210.2,842.8,3502.1,4054.7,2354.1,4054.2000000000003,7081.3,1.163,1.72,502323.0,110333.0,38518.0
64,2022,71419.3161192084,250400.911487037,273669.182853423,21629,1.8026924833333335,28175.280405081972,5.725,5856.0,1024,82385.54594,27404.54368,58840.64214,101594.15444,141802.5727,0.0,0.0,61129.37239,0.0,68449.95125,65393.86717,229692.50897,91880.97247,450.9,2018.4,120.8,6396.1,712.2,3162.3,4242.3,2109.9,3940.4,7377.7,-0.21,0.403,519954.0,124853.0,34369.0
65,2017,22794.2173396067,77987.3850100381,93142.3436940768,8278,2.0934704666666666,22159.776679160896,10.3,1705.0,218,49606.4989,0.0,0.0,32257.66066,53324.64069,0.0,43208.83367,0.0,0.0,0.0,19899.527690000003,69617.34164,31968.52389,534.1,1664.6,97.6,5210.2,842.8,3502.1,4054.7,2354.1,4054.2000000000003,7081.3,1.163,1.72,177678.0,40662.0,14172.0
65,2022,23336.7637973854,77506.2100917875,98143.1492891305,7558,1.8584710333333332,25318.496227488,7.9,1729.0,248,33516.52445,11527.14896,16753.14971,34574.90595,53166.7556,0.0,0.0,12928.23792,0.0,20379.92296,21398.02758,69590.25608,31775.41571,450.9,2018.4,120.8,6396.1,712.2,3162.3,4242.3,2109.9,3940.4,7377.7,-0.21,0.403,177443.0,43422.0,11892.0
66,2017,48006.3204413832,165513.857184722,181537.978237002,25364,3.0526081722222225,21903.488739496966,14.325,3585.0,452,117013.71814,0.0,0.0,65845.5931,92030.79962,0.0,86540.91007,0.0,0.0,0.0,40140.81937,140494.16876,58212.05756,534.1,1664.6,97.6,5210.2,842.8,3502.1,4054.7,2354.1,4054.2000000000003,7081.3,1.163,1.72,347864.0,86711.0,23579.0
66,2022,50182.1007421376,165028.202598353,201118.764092679,24965,2.9005133555555553,23501.23957529112,11.575,3673.0,514,80576.22471,26028.69728,36337.11808,73370.59674,96601.61978,0.0,0.0,29758.05282,0.0,38746.89307,42829.44919000001,143860.57328,62159.67894,450.9,2018.4,120.8,6396.1,712.2,3162.3,4242.3,2109.9,3940.4,7377.7,-0.21,0.403,362124.0,94558.0,16986.0
67,2017,145176.988022289,445373.838311532,339016.649573552,36828,1.93888255,27885.613695348693,8.1,4451.0,1197,205474.51063,0.0,0.0,130902.52921,236999.36601,0.0,243835.51573,0.0,0.0,0.0,128434.85507,401473.02261,136392.83966,534.1,1664.6,97.6,5210.2,842.8,3502.1,4054.7,2354.1,4054.2000000000003,7081.3,1.163,1.72,766650.0,183249.0,44707.0
67,2022,149151.413565074,444171.011567736,374350.845711818,38298,1.9238072277777778,34253.776752949176,6.175,4502.0,1366,152257.54316,29617.31241,85876.69439,143987.29937,231361.23183,0.0,0.0,105576.23046,0.0,102136.79232,135015.02,406850.97734000004,144194.42680000002,450.9,2018.4,120.8,6396.1,712.2,3162.3,4242.3,2109.9,3940.4,7377.7,-0.21,0.403,778994.0,197584.0,29061.0
68,2017,81544.2725041337,301542.156246374,241733.710371788,25204,1.9806125222222224,29950.269079084585,9.0,3519.0,536,156537.53199,0.0,0.0,91815.40425,177505.90859,0.0,144862.7731,0.0,0.0,0.0,71092.20647,267154.12709,95320.63514999999,534.1,1664.6,97.6,5210.2,842.8,3502.1,4054.7,2354.1,4054.2000000000003,7081.3,1.163,1.72,526161.0,128800.0,36854.0
68,2022,81917.3858358485,289978.213007879,266089.969335816,26022,1.9679902388888888,40126.31638918623,6.825,3586.0,564,117424.55961,21508.06614,50975.99628,100475.47292,173660.66588,0.0,0.0,49852.33423,0.0,68827.56652,72995.49628,262840.42244,98910.86786,450.9,2018.4,120.8,6396.1,712.2,3162.3,4242.3,2109.9,3940.4,7377.7,-0.21,0.403,531918.0,141261.0,22170.0
69,2017,263862.901006883,726179.346204185,496784.85613273,120497,3.9652381777777777,29794.6920159458,8.375,5216.0,3158,327332.12762,0.0,0.0,205474.75635,253164.17587,0.0,482800.33143,0.0,0.0,0.0,238306.12430000002,649670.17248,182579.09279000002,534.1,1664.6,97.6,5210.2,842.8,3502.1,4054.7,2354.1,4054.2000000000003,7081.3,1.163,1.72,1155506.0,289848.0,69066.0
69,2022,276589.284571263,747570.503221609,535577.552244133,130418,4.056466866666666,37284.24415981598,6.375,5278.0,3792,229066.91506,57100.46233,161372.5905,216356.98013,247442.08112,0.0,0.0,257576.00759,0.0,161841.90014,253631.47891,681368.32698,193683.84863000002,450.9,2018.4,120.8,6396.1,712.2,3162.3,4242.3,2109.9,3940.4,7377.7,-0.21,0.403,1181791.0,315207.0,49484.0
70,2017,23031.4261429251,87185.6699708458,84274.9117453969,7297,1.8308714722222221,23041.777010913574,8.55,1768.0,141,61650.94657,0.0,0.0,28461.97579,53995.15247,0.0,35974.87432,0.0,0.0,0.0,20135.06086,78248.79152,31694.121860000003,534.1,1664.6,97.6,5210.2,842.8,3502.1,4054.7,2354.1,4054.2000000000003,7081.3,1.163,1.72,179187.0,37287.0,11666.0
70,2022,22647.9867429363,81305.8892024226,91686.5778047272,6663,1.6525058499999998,26549.147192290664,6.375,1781.0,139,42093.91319,10497.11231,13032.82091,31591.58074,54721.80455,0.0,0.0,9423.31975,0.0,19639.85832,20665.67779,75112.67169,31864.83666,450.9,2018.4,120.8,6396.1,712.2,3162.3,4242.3,2109.9,3940.4,7377.7,-0.21,0.403,177724.0,40527.0,8287.0
71,2017,52951.0856450907,195251.05141438,214921.348668561,17268,1.8518922388888888,24322.770350069222,8.325,3165.0,519,141059.79268,0.0,0.0,68363.35418,130143.24469,0.0,89054.03475,0.0,0.0,0.0,46308.79274,176049.03620000003,74274.54105,534.1,1664.6,97.6,5210.2,842.8,3502.1,4054.7,2354.1,4054.2000000000003,7081.3,1.163,1.72,406311.0,94636.0,30144.0
71,2022,52601.7735908995,183988.211749052,226674.376732005,18754,1.9996020388888889,29412.807741616525,6.3,3205.0,554,97175.42741,24091.3159,31901.51213,75178.82894,130006.28879,0.0,0.0,27330.98968,0.0,44333.9893,46986.968400000005,169016.07122000004,74347.35078,450.9,2018.4,120.8,6396.1,712.2,3162.3,4242.3,2109.9,3940.4,7377.7,-0.21,0.403,402996.0,102315.0,21338.0
72,2017,64420.0037252043,205049.652776548,192237.655291069,21706,2.2539133277777776,24415.317528927564,9.0,4669.0,426,135348.70207,0.0,0.0,65543.00552,127078.11242,0.0,89651.21052,0.0,0.0,0.0,55769.01516,183209.92181000003,70670.56244,534.1,1664.6,97.6,5210.2,842.8,3502.1,4054.7,2354.1,4054.2000000000003,7081.3,1.163,1.72,405623.0,94499.0,33558.0
72,2022,66294.8807712935,197219.691865241,204305.414989925,20679,2.1422908944444448,28171.87441019533,7.15,4896.0,455,96963.99539,22360.98746,33319.88174,72214.45605,125709.81459,0.0,0.0,27896.46242,0.0,44020.62365,59759.37096,179717.46699999998,70702.12101999999,450.9,2018.4,120.8,6396.1,712.2,3162.3,4242.3,2109.9,3940.4,7377.7,-0.21,0.403,411271.0,103599.0,22334.0
73,2017,46865.2618931074,167224.543435824,138935.186115951,19225,2.53730005,28003.795236682297,7.3,2719.0,559,80680.39533,0.0,0.0,57820.9129,87534.90091,0.0,94582.76379,0.0,0.0,0.0,42813.44423,153962.19323000003,53105.908540000004,534.1,1664.6,97.6,5210.2,842.8,3502.1,4054.7,2354.1,4054.2000000000003,7081.3,1.163,1.72,310179.0,72291.0,22324.0
73,2022,48950.497707877,166270.924725659,155791.582595233,15188,1.9338824888888888,33067.77567275204,5.275,2747.0,620,53026.61726,16784.35395,37422.25405,62654.80503,87563.90658,0.0,0.0,36354.50946,0.0,43186.3866,44951.63466999999,156798.37775999997,56571.316170000006,450.9,2018.4,120.8,6396.1,712.2,3162.3,4242.3,2109.9,3940.4,7377.7,-0.21,0.403,320730.0,79968.0,17202.0
74,2017,84870.5505161527,339882.392571941,220863.904632429,33051,2.4362491111111115,35369.80581907837,6.825,4001.0,902,141015.43946,0.0,0.0,104680.85548,151446.37016,0.0,190924.71124,0.0,0.0,0.0,76824.46720000001,311124.0353000001,86972.91159,534.1,1664.6,97.6,5210.2,842.8,3502.1,4054.7,2354.1,4054.2000000000003,7081.3,1.163,1.72,538007.0,127636.0,37350.0
74,2022,87213.0064757216,354761.93609714,250718.624591618,34883,2.3919257166666665,45132.00529711706,5.4,4037.0,1027,97351.85967,28006.54323,76242.732,115966.41451,152405.53668,0.0,0.0,80148.62941,0.0,81402.72153,80251.36512,328900.74415,96815.13159,450.9,2018.4,120.8,6396.1,712.2,3162.3,4242.3,2109.9,3940.4,7377.7,-0.21,0.403,565833.0,147179.0,26203.0
75,2017,289514.626952153,991702.00499007,601744.100560615,274892,7.114569094444445,44794.05539617142,7.375,2694.0,16310,285303.45485,0.0,0.0,208606.76384,132969.63719,0.0,960227.4881,0.0,0.0,0.0,268261.61712999997,889768.07244,221067.80078,534.1,1664.6,97.6,5210.2,842.8,3502.1,4054.7,2354.1,4054.2000000000003,7081.3,1.163,1.72,1301537.0,279898.0,57868.0
75,2022,293067.850500492,935614.489074679,609261.796294826,248969,6.616673238888889,65667.345556547,5.75,2735.0,17790,177701.90472,51772.89331,235649.79398,188395.04914,115690.64892,0.0,0.0,653361.74374,0.0,121234.52788,273804.61279000004,856149.27094,217614.84275999997,450.9,2018.4,120.8,6396.1,712.2,3162.3,4242.3,2109.9,3940.4,7377.7,-0.21,0.403,1368623.0,354494.0,49446.0
76,2017,157922.443975242,470900.130530469,395631.449881093,51844,2.464720688888889,24900.085696385475,10.6,4639.0,972,294259.97542,0.0,0.0,143368.68447,255761.31158,0.0,216108.36752,0.0,0.0,0.0,135230.07284,413484.98571,152431.393,534.1,1664.6,97.6,5210.2,842.8,3502.1,4054.7,2354.1,4054.2000000000003,7081.3,1.163,1.72,880756.0,211393.0,64519.0
76,2022,159215.113602247,455344.182310631,424453.888724617,50658,2.3466631555555555,30941.381318575844,7.825,4716.0,1111,213820.97249,45953.2795,76165.36687,158433.01264,253015.06794,0.0,0.0,76375.89033,0.0,98694.29906,140964.29986,409510.17075,150440.19819,450.9,2018.4,120.8,6396.1,712.2,3162.3,4242.3,2109.9,3940.4,7377.7,-0.21,0.403,879653.0,222738.0,44668.0
77,2017,174178.947579458,572185.380133644,352326.87393787,70915,3.123987777777778,28658.574367894995,7.5,4399.0,1074,267663.17248,0.0,0.0,185330.91622,232502.66009,0.0,285767.05341,0.0,0.0,0.0,155479.07473000002,519635.63283,152929.70847,534.1,1664.6,97.6,5210.2,842.8,3502.1,4054.7,2354.1,4054.2000000000003,7081.3,1.163,1.72,880940.0,228009.0,58538.0
77,2022,182306.571830483,577090.545585081,397300.5041559,66129,2.7535067666666664,34775.26801060673,6.699999999999999,4481.0,1268,192441.76182,55275.10336,106242.47321,201927.51932,227638.67764,0.0,0.0,105605.5369,0.0,129871.37883,165661.43344,530312.3959499999,161443.78716,450.9,2018.4,120.8,6396.1,712.2,3162.3,4242.3,2109.9,3940.4,7377.7,-0.21,0.403,899809.0,266519.0,42755.0
78,2017,172129.809550257,570858.558793108,394937.53640803,69313,2.927061111111111,39371.52658390616,6.975,4410.0,1348,219908.59163,0.0,0.0,161802.63638,178819.1529,0.0,435464.49494,0.0,0.0,0.0,157994.26992,522330.4962,158454.59164,534.1,1664.6,97.6,5210.2,842.8,3502.1,4054.7,2354.1,4054.2000000000003,7081.3,1.163,1.72,950821.0,225177.0,57527.0
78,2022,179302.997605356,576204.240549701,420345.702323317,59727,2.4626604555555556,48391.970157936696,6.4,4484.0,1563,154099.03831,42830.97366,130191.40869,163962.45289,167868.99693,0.0,0.0,239572.66017,0.0,129532.55703,165444.00258,531168.27824,165182.88023000004,450.9,2018.4,120.8,6396.1,712.2,3162.3,4242.3,2109.9,3940.4,7377.7,-0.21,0.403,961628.0,254934.0,40934.0
79,2017,36027.7667023992,137105.399810233,133518.18726031,10511,1.6713705388888889,24142.83024767626,7.2,2298.0,300,91883.85741,0.0,0.0,45999.91517,82677.74892,0.0,63075.90999,0.0,0.0,0.0,31889.080520000003,123710.77529,48811.34082,534.1,1664.6,97.6,5210.2,842.8,3502.1,4054.7,2354.1,4054.2000000000003,7081.3,1.163,1.72,272387.0,57585.0,18203.0
79,2022,37817.1288262072,132273.193729497,143475.535445433,10964,1.7245676333333333,26537.2615719699,5.275,2345.0,308,63575.23353,14993.21326,23427.06457,51544.04425,83801.02697,0.0,0.0,18830.21858,0.0,33168.63845,34086.47417,122538.85243,49974.27576,450.9,2018.4,120.8,6396.1,712.2,3162.3,4242.3,2109.9,3940.4,7377.7,-0.21,0.403,273265.0,64482.0,13741.0
80,2017,75289.996641327,213848.39800887,180678.972460345,24185,2.4727259166666666,23364.034285678474,11.25,3286.0,392,150912.64911,0.0,0.0,63868.28801,108116.66363,0.0,92070.2341,0.0,0.0,0.0,64291.494360000004,187337.13782,69286.0996,534.1,1664.6,97.6,5210.2,842.8,3502.1,4054.7,2354.1,4054.2000000000003,7081.3,1.163,1.72,408957.0,90588.0,25978.0
80,2022,75191.3267275557,204282.844888842,191378.574821377,22375,2.285280838888889,28481.148736087394,8.625,3317.0,405,105534.63479,25464.59527,33270.79887,71284.38224,107842.35414,0.0,0.0,30408.1347,0.0,42733.85058,65635.30612,182476.11884999997,67767.51308,450.9,2018.4,120.8,6396.1,712.2,3162.3,4242.3,2109.9,3940.4,7377.7,-0.21,0.403,409946.0,98487.0,16982.0
81,2017,38681.3433332816,135645.378018403,147302.403900919,13106,2.083978388888889,23209.792249668913,10.025,1901.0,380,92129.15681,0.0,0.0,51558.00613,77551.10688,0.0,73417.44636,0.0,0.0,0.0,33741.0451,120510.05192999999,50109.49713999999,534.1,1664.6,97.6,5210.2,842.8,3502.1,4054.7,2354.1,4054.2000000000003,7081.3,1.163,1.72,291153.0,62264.0,20888.0
81,2022,39993.0090935756,133934.932354612,159261.298223999,12670,1.873353988888889,26329.675792533206,7.8,1934.0,453,63940.81668,17213.17918,28955.54274,57392.66737,79090.23608,0.0,0.0,22685.3051,0.0,36251.58517,35603.60809,121525.48646,51647.347109999995,450.9,2018.4,120.8,6396.1,712.2,3162.3,4242.3,2109.9,3940.4,7377.7,-0.21,0.403,298180.0,71489.0,17176.0
82,2017,25286.4928718641,95136.5847923465,87919.1749541065,9323,2.315636883333333,22596.480302887656,10.825,1593.0,198,63559.31582,0.0,0.0,33873.58631,50406.34688,0.0,44207.62331,0.0,0.0,0.0,21698.83068,84158.54474000001,31454.75369,534.1,1664.6,97.6,5210.2,842.8,3502.1,4054.7,2354.1,4054.2000000000003,7081.3,1.163,1.72,183329.0,39522.0,12693.0
82,2022,26667.7416900048,94428.4300449151,96551.5712062512,7863,1.7840471166666667,25579.491952842287,8.55,1635.0,233,44192.30271,12615.26284,17279.40561,38251.10602,51711.72437,0.0,0.0,13322.1335,0.0,22680.19567,23788.1181,85911.98052999999,33009.94068,450.9,2018.4,120.8,6396.1,712.2,3162.3,4242.3,2109.9,3940.4,7377.7,-0.21,0.403,188728.0,43807.0,10196.0
83,2017,105875.2052067,376852.916876377,406700.820596421,58033,3.183401661111111,26270.664356904104,10.175,3474.0,1006,239034.80145,0.0,0.0,157200.07611,202278.36979,0.0,217261.25542,0.0,0.0,0.0,90410.14901000001,332252.84521,132644.99059,534.1,1664.6,97.6,5210.2,842.8,3502.1,4054.7,2354.1,4054.2000000000003,7081.3,1.163,1.72,794665.0,202023.0,52879.0
83,2022,106344.426176625,381446.702136485,451090.21306033,56301,2.9561998333333332,30232.35682687095,7.325,3532.0,1121,157222.10915,56819.84641,84947.40516,175467.52244,211172.31874,0.0,0.0,79856.05753,0.0,101288.85664,95055.99019000001,344791.77609,144064.68216,450.9,2018.4,120.8,6396.1,712.2,3162.3,4242.3,2109.9,3940.4,7377.7,-0.21,0.403,821141.0,214221.0,33343.0
84,2017,61324.4628853848,205522.846927122,190719.140410853,28328,3.0361422,23562.63448232595,11.975,2593.0,727,134713.17986,0.0,0.0,71428.79953,104192.78895,0.0,106172.52366,0.0,0.0,0.0,51766.73511999999,178078.05575000003,67841.92098,534.1,1664.6,97.6,5210.2,842.8,3502.1,4054.7,2354.1,4054.2000000000003,7081.3,1.163,1.72,402307.0,94108.0,26871.0
84,2022,58953.0430260997,200438.55937407,211041.617515883,27176,2.88011875,30672.183004843453,9.475,2612.0,793,95477.96331,23868.19583,40388.00996,78844.70044,104583.0773,0.0,0.0,38169.88408,0.0,48041.86256,51552.40958000001,179374.48155,71712.14429,450.9,2018.4,120.8,6396.1,712.2,3162.3,4242.3,2109.9,3940.4,7377.7,-0.21,0.403,411727.0,106789.0,18445.0
85,2017,64337.7019763566,240737.878708733,243847.497668761,20160,1.7343627444444445,25441.416343925506,7.125,3478.0,572,153622.46687,0.0,0.0,87849.81087,159771.0001,0.0,105698.04295,0.0,0.0,0.0,56436.097310000005,218745.60881,86424.48077,534.1,1664.6,97.6,5210.2,842.8,3502.1,4054.7,2354.1,4054.2000000000003,7081.3,1.163,1.72,514425.0,103148.0,33739.0
85,2022,70030.3538350095,241637.816834249,278853.360952361,20001,1.6370215166666666,27999.015053545772,5.2,3659.0,713,109179.08453,29851.56617,42012.16749,103352.7018,169268.59528,0.0,0.0,29312.84413,0.0,62188.03869,63797.82711,224982.55123999997,91511.183,450.9,2018.4,120.8,6396.1,712.2,3162.3,4242.3,2109.9,3940.4,7377.7,-0.21,0.403,551209.0,120713.0,25046.0
86,2017,57077.1393387229,155907.089367061,148357.680684104,14744,1.9880357166666667,23982.614016770935,7.6,2394.0,470,94187.46018,0.0,0.0,53655.58164,85666.20198,0.0,82925.94962,0.0,0.0,0.0,50827.7131,140271.64895,54576.78607,534.1,1664.6,97.6,5210.2,842.8,3502.1,4054.7,2354.1,4054.2000000000003,7081.3,1.163,1.72,306977.0,68711.0,20858.0
86,2022,59658.0384330214,152591.643413123,156051.373289509,15038,2.0016852055555554,26160.00237482045,5.875,2439.0,519,64501.4025,16718.54147,29795.69372,58939.64939,87286.74065,0.0,0.0,28544.67403,0.0,36357.74944,54170.97822,138820.09342,53629.97807,450.9,2018.4,120.8,6396.1,712.2,3162.3,4242.3,2109.9,3940.4,7377.7,-0.21,0.403,306076.0,76152.0,15629.0
87,2017,42638.2533286319,132657.864956568,140252.218523299,11845,1.8654032555555555,23911.10959884721,8.675,2171.0,359,87377.62442,0.0,0.0,47915.53687,74799.50309,0.0,72088.35197,0.0,0.0,0.0,38190.000779999995,119002.77678,49007.094820000006,534.1,1664.6,97.6,5210.2,842.8,3502.1,4054.7,2354.1,4054.2000000000003,7081.3,1.163,1.72,266309.0,57292.0,19958.0
87,2022,44127.3280352162,126683.676459892,145745.64764419,13089,2.0467429722222223,24872.93260116754,6.45,2196.0,377,56121.7461,17484.82672,28092.95767,51993.39674,73750.27864,0.0,0.0,23736.04123,0.0,31653.62028,40000.70916,115351.57456000001,47504.24265,450.9,2018.4,120.8,6396.1,712.2,3162.3,4242.3,2109.9,3940.4,7377.7,-0.21,0.403,263777.0,64447.0,15884.0
88,2017,38547.8524626986,132903.740509992,137031.437884271,12638,2.0217861722222223,22541.819799901015,9.975,2291.0,259,99179.76267,0.0,0.0,44223.92675,83915.21778,0.0,55963.88105,0.0,0.0,0.0,32521.251930000002,116414.94084,49512.3652,534.1,1664.6,97.6,5210.2,842.8,3502.1,4054.7,2354.1,4054.2000000000003,7081.3,1.163,1.72,282532.0,63279.0,19215.0
88,2022,36222.1608782699,123081.646349731,144570.93133502,12079,1.9320855611111112,26441.38941510058,7.425000000000001,2321.0,285,69667.16352,15868.01767,20317.97067,48491.66112,82590.74337,0.0,0.0,14359.21958,0.0,29420.12382,32066.33885,110890.70497,49293.76682,450.9,2018.4,120.8,6396.1,712.2,3162.3,4242.3,2109.9,3940.4,7377.7,-0.21,0.403,277925.0,67785.0,12592.0
89,2017,33395.9290288109,121892.860896657,125653.767628452,14868,2.5539342388888886,23469.622483956216,8.775,1945.0,285,90586.44045,0.0,0.0,40586.84185,77887.60928,0.0,50769.73271,0.0,0.0,0.0,27981.56017,107875.2622,45278.81874999999,534.1,1664.6,97.6,5210.2,842.8,3502.1,4054.7,2354.1,4054.2000000000003,7081.3,1.163,1.72,241891.0,56989.0,16813.0
89,2022,31536.6258293024,115842.134699618,131608.003069916,14556,2.5087505666666665,27876.255331472636,6.7,1970.0,345,63296.51401,15118.89684,18726.44231,43922.25197,77908.4924,0.0,0.0,15121.77826,0.0,24755.55787,27940.418709999998,104360.91386,44295.563989999995,450.9,2018.4,120.8,6396.1,712.2,3162.3,4242.3,2109.9,3940.4,7377.7,-0.21,0.403,237966.0,61722.0,11274.0
90,2017,17250.0108482677,54846.6784082009,45291.7344793052,5748,2.353538,26299.006520389154,9.6,791.0,96,29852.26985,0.0,0.0,16914.76463,29367.35458,0.0,28838.23869,0.0,0.0,0.0,15249.321259999999,48023.70205000001,16929.37604,534.1,1664.6,97.6,5210.2,842.8,3502.1,4054.7,2354.1,4054.2000000000003,7081.3,1.163,1.72,95258.0,23179.0,6777.0
90,2022,17490.2302996129,51562.1946049642,46684.4634562692,4516,1.8835662388888887,35217.74349924389,8.175,802.0,99,21537.70497,4999.98388,9169.51491,17550.45193,28144.42354,0.0,0.0,10062.68362,0.0,11922.6473,15669.72528,46131.68589,16688.96253,450.9,2018.4,120.8,6396.1,712.2,3162.3,4242.3,2109.9,3940.4,7377.7,-0.21,0.403,93723.0,25006.0,4581.0
91,2017,164402.72536938,523261.63756661,331103.503951945,62130,2.998326477777778,30761.67885114905,7.225,4027.0,956,231531.90558,0.0,0.0,158666.92596,184471.72636,0.0,314838.1535,0.0,0.0,0.0,148781.68526,475401.37506,135966.16363999998,534.1,1664.6,97.6,5210.2,842.8,3502.1,4054.7,2354.1,4054.2000000000003,7081.3,1.163,1.72,795235.0,199441.0,50347.0
91,2022,171557.279211409,522901.675091624,360911.812381722,58628,2.682589872222222,38479.34875596224,6.35,4070.0,1100,161723.07359,47728.68118,103029.70821,170260.64482,179663.06292,0.0,0.0,139882.04901,0.0,118290.07731,155938.36206,482004.73829999997,145742.71151,450.9,2018.4,120.8,6396.1,712.2,3162.3,4242.3,2109.9,3940.4,7377.7,-0.21,0.403,799860.0,234023.0,37018.0
92,2017,191151.206188786,696560.418970483,407231.590058002,85673,3.1576669055555557,42815.44554087317,7.075,3239.0,3782,228293.44109,0.0,0.0,163288.9052,144322.92638,0.0,585090.59756,0.0,0.0,0.0,176065.33383000002,631422.50765,157296.58728,534.1,1664.6,97.6,5210.2,842.8,3502.1,4054.7,2354.1,4054.2000000000003,7081.3,1.163,1.72,983522.0,226846.0,57359.0
92,2022,203839.084731442,705841.909844066,435361.197487896,86562,3.086264938888889,53485.800334053296,5.875,3274.0,3854,153573.54618,43397.34319,157426.79847,160411.29256,131320.09989,0.0,0.0,396477.63819,0.0,118481.98014,187768.62802,648979.00991,168035.44126000002,450.9,2018.4,120.8,6396.1,712.2,3162.3,4242.3,2109.9,3940.4,7377.7,-0.21,0.403,998191.0,257547.0,46366.0
93,2017,206212.467460071,682116.832991835,355184.236188607,127875,4.802117883333334,21463.09799616571,11.975,2286.0,2151,411843.214,0.0,0.0,185720.04248,199281.71471,0.0,284741.22566,0.0,0.0,0.0,178937.66181000002,580515.8234,153085.96748999998,534.1,1664.6,97.6,5210.2,842.8,3502.1,4054.7,2354.1,4054.2000000000003,7081.3,1.163,1.72,766977.0,249213.0,38645.0
93,2022,226594.756304558,702801.444148283,386572.325089502,126777,4.495282705555556,25254.289841318532,10.25,2369.0,2651,322518.54548,58498.46789,107934.14753,205153.04182,193355.13115,0.0,0.0,140129.13778,0.0,105820.6704,201295.55384,616330.37695,162014.44372,450.9,2018.4,120.8,6396.1,712.2,3162.3,4242.3,2109.9,3940.4,7377.7,-0.21,0.403,794364.0,308171.0,35060.0
94,2017,174357.35520081,579260.659520274,354794.094112311,79868,3.510987238888889,30476.401223136334,8.375,2671.0,1788,262024.172,0.0,0.0,162421.78275,163110.50565,0.0,371594.70884,0.0,0.0,0.0,157429.02595,516949.11046,142895.25757999998,534.1,1664.6,97.6,5210.2,842.8,3502.1,4054.7,2354.1,4054.2000000000003,7081.3,1.163,1.72,785586.0,207455.0,43777.0
94,2022,187879.998721635,584377.840353843,379049.696663149,79868,3.3525234666666663,35815.37926726696,7.15,2716.0,1989,185160.28137,48418.45866,122297.42906,167911.97471,153521.19677,0.0,0.0,201469.4327,0.0,109251.36838,170911.22845,529574.74069,150992.53875,450.9,2018.4,120.8,6396.1,712.2,3162.3,4242.3,2109.9,3940.4,7377.7,-0.21,0.403,796782.0,245481.0,36107.0
95,2017,158479.967280422,497223.236460833,299795.386158702,70740,3.5413593000000003,28004.606614612898,9.524999999999999,3464.0,842,241864.74398,0.0,0.0,151219.66446,180177.16019,0.0,259170.91805,0.0,0.0,0.0,140757.77503000002,443989.23243,130623.28622000001,534.1,1664.6,97.6,5210.2,842.8,3502.1,4054.7,2354.1,4054.2000000000003,7081.3,1.163,1.72,730335.0,204202.0,42933.0
95,2022,165260.639356234,507149.235892068,325955.867079484,65351,3.096072527777778,37642.77405094383,8.025,3509.0,988,180833.00761,42970.29709,93383.62512,159068.61201,172625.89223,0.0,0.0,112436.29589,0.0,105275.02457,149535.69309999997,460566.30144,135275.97959,450.9,2018.4,120.8,6396.1,712.2,3162.3,4242.3,2109.9,3940.4,7377.7,-0.21,0.403,733876.0,238978.0,32485.0
971,2017,47489.8912453655,149562.196748982,120496.814422597,21193,3.251203577777778,17344.62392943577,22.35,1092.0,266,121392.87617,0.0,0.0,48332.88678,56814.65282,0.0,57244.30525,0.0,0.0,0.0,39427.00691,111557.46459,47120.810569999994,534.1,1664.6,97.6,5210.2,842.8,3502.1,4054.7,2354.1,4054.2000000000003,7081.3,1.163,1.72,316062.0,160452.0,10321.0
971,2022,44635.7873528045,131665.647201084,143294.334282369,18874,2.8131661055555557,18785.89410139485,18.5,1097.0,312,89623.60735,15979.5165,22205.44338,53101.86776,59767.44284,0.0,0.0,19112.63542,0.0,27852.93063,38026.677639999994,104272.41582000002,53087.14937,450.9,2018.4,120.8,6396.1,712.2,3162.3,4242.3,2109.9,3940.4,7377.7,-0.21,0.403,315941.0,166884.0,8511.0
972,2017,43386.985491419,141555.209374523,126523.92046358,17022,2.672919927777778,19058.958259943996,17.85,986.0,290,117455.23244,0.0,0.0,45838.95234,56381.7444,0.0,60819.08294,0.0,0.0,0.0,35603.94284,111892.25274000001,49155.062860000005,534.1,1664.6,97.6,5210.2,842.8,3502.1,4054.7,2354.1,4054.2000000000003,7081.3,1.163,1.72,310673.0,154539.0,12716.0
972,2022,38272.7031817982,123138.337046203,144576.180273909,15088,2.3849727944444448,19721.763983973455,12.350000000000001,987.0,329,81543.00168,16949.47972,23651.76085,51583.4306,57746.62584,0.0,0.0,20717.56736,0.0,26796.11255,32899.036029999996,103797.89815,54753.66983,450.9,2018.4,120.8,6396.1,712.2,3162.3,4242.3,2109.9,3940.4,7377.7,-0.21,0.403,304670.0,166201.0,11198.0
973,2017,44383.0038357022,103694.063040841,31800.5393987842,15826,3.8290244444444443,17468.301829702068,21.875,764.0,115,85242.19397,0.0,0.0,19244.4764,25313.32851,0.0,25556.30442,0.0,0.0,0.0,35252.722050000004,79202.49291,16162.229319999999,534.1,1664.6,97.6,5210.2,842.8,3502.1,4054.7,2354.1,4054.2000000000003,7081.3,1.163,1.72,92601.0,53916.0,3570.0
973,2022,47490.1891115171,108538.650707864,40703.6432988541,15480,3.4116701055555554,14704.039697522516,13.075,886.0,176,73430.56875,8076.26472,11283.43142,24730.61967,27636.55507,0.0,0.0,11815.24259,0.0,10813.05098,39238.71174,85447.95464,19367.842510000002,450.9,2018.4,120.8,6396.1,712.2,3162.3,4242.3,2109.9,3940.4,7377.7,-0.21,0.403,103058.0,62970.0,3049.0
974,2017,121585.379863691,345866.41437364,185614.939491983,30691,2.1803330611111114,18101.560917580075,22.625,2353.0,621,267361.05607,0.0,0.0,88158.45945,112793.62355,0.0,107902.06812,0.0,0.0,0.0,93593.00974,250325.88014000002,81489.62373,534.1,1664.6,97.6,5210.2,842.8,3502.1,4054.7,2354.1,4054.2000000000003,7081.3,1.163,1.72,639391.0,237141.0,26385.0
974,2022,119005.632116059,335228.479799338,234887.090823239,25359,1.6818871555555555,18921.91156821211,17.849999999999998,2383.0,693,213225.34158,31308.62442,47012.23667,105299.49747,125050.3044,0.0,0.0,40037.85416,0.0,49698.18473,97371.92152,261889.33091999998,97921.15901999999,450.9,2018.4,120.8,6396.1,712.2,3162.3,4242.3,2109.9,3940.4,7377.7,-0.21,0.403,676080.0,274588.0,20584.0
