annee,code_departement,[president_sortant]tour,[president_sortant]famille_politique,[president_sortant]pourcentage
2002,01,t1,centre,11.1
2002,01,t1,droite,64.17
2002,01,t1,gauche,24.74
2002,01,t2,droite,100.0
2002,02,t1,centre,6.84
2002,02,t1,droite,57.74
2002,02,t1,gauche,35.42
2002,02,t2,droite,100.0
2002,03,t1,centre,8.84
2002,03,t1,droite,52.45
2002,03,t1,gauche,38.71
2002,03,t2,droite,100.0
2002,04,t1,centre,11.64
2002,04,t1,droite,54.44
2002,04,t1,gauche,33.91
2002,04,t2,droite,100.0
2002,05,t1,centre,12.9
2002,05,t1,droite,53.53
2002,05,t1,gauche,33.57
2002,05,t2,droite,100.0
2002,06,t1,centre,7.63
2002,06,t1,droite,72.79
2002,06,t1,gauche,19.58
2002,06,t2,droite,100.0
2002,07,t1,centre,10.93
2002,07,t1,droite,55.61
2002,07,t1,gauche,33.45
2002,07,t2,droite,100.0
2002,08,t1,centre,7.37
2002,08,t1,droite,56.92
2002,08,t1,gauche,35.72
2002,08,t2,droite,100.0
2002,09,t1,centre,6.59
2002,09,t1,droite,45.81
2002,09,t1,gauche,47.61
2002,09,t2,droite,100.0
2002,10,t1,centre,8.31
2002,10,t1,droite,61.7
2002,10,t1,gauche,29.98
2002,10,t2,droite,100.0
2002,11,t1,centre,6.4
2002,11,t1,droite,53.28
2002,11,t1,gauche,40.32
2002,11,t2,droite,100.0
2002,12,t1,centre,9.7
2002,12,t1,droite,52.1
2002,12,t1,gauche,38.2
2002,12,t2,droite,100.0
2002,13,t1,centre,7.59
2002,13,t1,droite,66.1
2002,13,t1,gauche,26.31
2002,13,t2,droite,100.0
2002,14,t1,centre,10.16
2002,14,t1,droite,52.39
2002,14,t1,gauche,37.44
2002,14,t2,droite,100.0
2002,15,t1,centre,9.07
2002,15,t1,droite,60.69
2002,15,t1,gauche,30.24
2002,15,t2,droite,100.0
2002,16,t1,centre,8.25
2002,16,t1,droite,51.2
2002,16,t1,gauche,40.55
2002,16,t2,droite,100.0
2002,17,t1,centre,7.79
2002,17,t1,droite,57.57
2002,17,t1,gauche,34.64
2002,17,t2,droite,100.0
2002,18,t1,centre,8.25
2002,18,t1,droite,56.73
2002,18,t1,gauche,35.02
2002,18,t2,droite,100.0
2002,19,t1,centre,3.91
2002,19,t1,droite,64.43
2002,19,t1,gauche,31.67
2002,19,t2,droite,100.0
2002,21,t1,centre,13.63
2002,21,t1,droite,56.02
2002,21,t1,gauche,30.35
2002,21,t2,droite,100.0
2002,22,t1,centre,8.2
2002,22,t1,droite,48.22
2002,22,t1,gauche,43.59
2002,22,t2,droite,100.0
2002,23,t1,centre,7.62
2002,23,t1,droite,51.99
2002,23,t1,gauche,40.38
2002,23,t2,droite,100.0
2002,24,t1,centre,5.96
2002,24,t1,droite,55.16
2002,24,t1,gauche,38.88
2002,24,t2,droite,100.0
2002,25,t1,centre,12.43
2002,25,t1,droite,57.47
2002,25,t1,gauche,30.1
2002,25,t2,droite,100.0
2002,26,t1,centre,11.03
2002,26,t1,droite,60.54
2002,26,t1,gauche,28.43
2002,26,t2,droite,100.0
2002,27,t1,centre,8.73
2002,27,t1,droite,58.77
2002,27,t1,gauche,32.5
2002,27,t2,droite,100.0
2002,28,t1,centre,9.67
2002,28,t1,droite,60.87
2002,28,t1,gauche,29.45
2002,28,t2,droite,100.0
2002,29,t1,centre,8.75
2002,29,t1,droite,51.74
2002,29,t1,gauche,39.51
2002,29,t2,droite,100.0
2002,2A,t1,centre,8.43
2002,2A,t1,droite,65.0
2002,2A,t1,gauche,26.57
2002,2A,t2,droite,100.0
2002,2B,t1,centre,8.44
2002,2B,t1,droite,61.47
2002,2B,t1,gauche,30.09
2002,2B,t2,droite,100.0
2002,30,t1,centre,7.86
2002,30,t1,droite,65.98
2002,30,t1,gauche,26.16
2002,30,t2,droite,100.0
2002,31,t1,centre,9.46
2002,31,t1,droite,47.04
2002,31,t1,gauche,43.5
2002,31,t2,droite,100.0
2002,32,t1,centre,9.09
2002,32,t1,droite,48.14
2002,32,t1,gauche,42.77
2002,32,t2,droite,100.0
2002,33,t1,centre,7.71
2002,33,t1,droite,57.06
2002,33,t1,gauche,35.23
2002,33,t2,droite,100.0
2002,34,t1,centre,7.12
2002,34,t1,droite,62.08
2002,34,t1,gauche,30.8
2002,34,t2,droite,100.0
2002,35,t1,centre,11.02
2002,35,t1,droite,48.81
2002,35,t1,gauche,40.16
2002,35,t2,droite,100.0
2002,36,t1,centre,7.22
2002,36,t1,droite,56.73
2002,36,t1,gauche,36.04
2002,36,t2,droite,100.0
2002,37,t1,centre,10.15
2002,37,t1,droite,53.92
2002,37,t1,gauche,35.93
2002,37,t2,droite,100.0
2002,38,t1,centre,10.95
2002,38,t1,droite,51.3
2002,38,t1,gauche,37.75
2002,38,t2,droite,100.0
2002,39,t1,centre,13.24
2002,39,t1,droite,53.38
2002,39,t1,gauche,33.37
2002,39,t2,droite,100.0
2002,40,t1,centre,8.14
2002,40,t1,droite,50.5
2002,40,t1,gauche,41.36
2002,40,t2,droite,100.0
2002,41,t1,centre,10.57
2002,41,t1,droite,58.54
2002,41,t1,gauche,30.89
2002,41,t2,droite,100.0
2002,42,t1,centre,11.81
2002,42,t1,droite,60.84
2002,42,t1,gauche,27.35
2002,42,t2,droite,100.0
2002,43,t1,centre,12.8
2002,43,t1,droite,58.25
2002,43,t1,gauche,28.95
2002,43,t2,droite,100.0
2002,44,t1,centre,9.6
2002,44,t1,droite,52.88
2002,44,t1,gauche,37.53
2002,44,t2,droite,100.0
2002,45,t1,centre,10.15
2002,45,t1,droite,62.91
2002,45,t1,gauche,26.94
2002,45,t2,droite,100.0
2002,46,t1,centre,9.05
2002,46,t1,droite,48.55
2002,46,t1,gauche,42.4
2002,46,t2,droite,100.0
2002,47,t1,centre,7.67
2002,47,t1,droite,61.33
2002,47,t1,gauche,31.0
2002,47,t2,droite,100.0
2002,48,t1,centre,12.9
2002,48,t1,droite,56.27
2002,48,t1,gauche,30.83
2002,48,t2,droite,100.0
2002,49,t1,centre,13.66
2002,49,t1,droite,54.16
2002,49,t1,gauche,32.18
2002,49,t2,droite,100.0
2002,50,t1,centre,9.37
2002,50,t1,droite,60.38
2002,50,t1,gauche,30.25
2002,50,t2,droite,100.0
2002,51,t1,centre,10.22
2002,51,t1,droite,58.54
2002,51,t1,gauche,31.24
2002,51,t2,droite,100.0
2002,52,t1,centre,7.98
2002,52,t1,droite,61.81
2002,52,t1,gauche,30.21
2002,52,t2,droite,100.0
2002,53,t1,centre,10.9
2002,53,t1,droite,54.89
2002,53,t1,gauche,34.21
2002,53,t2,droite,100.0
2002,54,t1,centre,9.94
2002,54,t1,droite,51.92
2002,54,t1,gauche,38.14
2002,54,t2,droite,100.0
2002,55,t1,centre,9.31
2002,55,t1,droite,55.65
2002,55,t1,gauche,35.05
2002,55,t2,droite,100.0
2002,56,t1,centre,8.36
2002,56,t1,droite,57.98
2002,56,t1,gauche,33.67
2002,56,t2,droite,100.0
2002,57,t1,centre,8.17
2002,57,t1,droite,62.92
2002,57,t1,gauche,28.91
2002,57,t2,droite,100.0
2002,58,t1,centre,8.07
2002,58,t1,droite,45.74
2002,58,t1,gauche,46.19
2002,58,t2,droite,100.0
2002,59,t1,centre,8.38
2002,59,t1,droite,54.15
2002,59,t1,gauche,37.46
2002,59,t2,droite,100.0
2002,60,t1,centre,9.37
2002,60,t1,droite,63.08
2002,60,t1,gauche,27.55
2002,60,t2,droite,100.0
2002,61,t1,centre,8.84
2002,61,t1,droite,60.85
2002,61,t1,gauche,30.31
2002,61,t2,droite,100.0
2002,62,t1,centre,8.14
2002,62,t1,droite,52.62
2002,62,t1,gauche,39.23
2002,62,t2,droite,100.0
2002,63,t1,centre,11.89
2002,63,t1,droite,48.23
2002,63,t1,gauche,39.88
2002,63,t2,droite,100.0
2002,64,t1,centre,15.67
2002,64,t1,droite,48.88
2002,64,t1,gauche,35.45
2002,64,t2,droite,100.0
2002,65,t1,centre,10.38
2002,65,t1,droite,42.48
2002,65,t1,gauche,47.14
2002,65,t2,droite,100.0
2002,66,t1,centre,7.58
2002,66,t1,droite,59.3
2002,66,t1,gauche,33.12
2002,66,t2,droite,100.0
2002,67,t1,centre,15.14
2002,67,t1,droite,64.69
2002,67,t1,gauche,20.17
2002,67,t2,droite,100.0
2002,68,t1,centre,13.21
2002,68,t1,droite,66.04
2002,68,t1,gauche,20.75
2002,68,t2,droite,100.0
2002,69,t1,centre,12.48
2002,69,t1,droite,58.86
2002,69,t1,gauche,28.65
2002,69,t2,droite,100.0
2002,70,t1,centre,14.28
2002,70,t1,droite,58.48
2002,70,t1,gauche,27.24
2002,70,t2,droite,100.0
2002,71,t1,centre,8.75
2002,71,t1,droite,56.63
2002,71,t1,gauche,34.62
2002,71,t2,droite,100.0
2002,72,t1,centre,8.76
2002,72,t1,droite,53.93
2002,72,t1,gauche,37.31
2002,72,t2,droite,100.0
2002,73,t1,centre,12.47
2002,73,t1,droite,59.4
2002,73,t1,gauche,28.12
2002,73,t2,droite,100.0
2002,74,t1,centre,11.94
2002,74,t1,droite,65.24
2002,74,t1,gauche,22.82
2002,74,t2,droite,100.0
2002,75,t1,centre,8.71
2002,75,t1,droite,53.96
2002,75,t1,gauche,37.33
2002,75,t2,droite,100.0
2002,76,t1,centre,9.73
2002,76,t1,droite,53.45
2002,76,t1,gauche,36.82
2002,76,t2,droite,100.0
2002,77,t1,centre,10.46
2002,77,t1,droite,56.58
2002,77,t1,gauche,32.95
2002,77,t2,droite,100.0
2002,78,t1,centre,13.05
2002,78,t1,droite,61.87
2002,78,t1,gauche,25.08
2002,78,t2,droite,100.0
2002,79,t1,centre,11.32
2002,79,t1,droite,47.31
2002,79,t1,gauche,41.37
2002,79,t2,droite,100.0
2002,80,t1,centre,10.12
2002,80,t1,droite,56.43
2002,80,t1,gauche,33.45
2002,80,t2,droite,100.0
2002,81,t1,centre,7.91
2002,81,t1,droite,53.06
2002,81,t1,gauche,39.03
2002,81,t2,droite,100.0
2002,82,t1,centre,8.53
2002,82,t1,droite,59.9
2002,82,t1,gauche,31.57
2002,82,t2,droite,100.0
2002,83,t1,centre,7.56
2002,83,t1,droite,74.59
2002,83,t1,gauche,17.86
2002,83,t2,droite,100.0
2002,84,t1,centre,6.69
2002,84,t1,droite,72.24
2002,84,t1,gauche,21.07
2002,84,t2,droite,100.0
2002,85,t1,centre,9.84
2002,85,t1,droite,60.52
2002,85,t1,gauche,29.64
2002,85,t2,droite,100.0
2002,86,t1,centre,8.27
2002,86,t1,droite,49.66
2002,86,t1,gauche,42.07
2002,86,t2,droite,100.0
2002,87,t1,centre,7.1
2002,87,t1,droite,49.55
2002,87,t1,gauche,43.35
2002,87,t2,droite,100.0
2002,88,t1,centre,8.45
2002,88,t1,droite,59.45
2002,88,t1,gauche,32.1
2002,88,t2,droite,100.0
2002,89,t1,centre,8.25
2002,89,t1,droite,64.06
2002,89,t1,gauche,27.7
2002,89,t2,droite,100.0
2002,90,t1,centre,28.79
2002,90,t1,droite,48.96
2002,90,t1,gauche,22.26
2002,90,t2,droite,100.0
2002,91,t1,centre,12.23
2002,91,t1,droite,53.69
2002,91,t1,gauche,34.07
2002,91,t2,droite,100.0
2002,92,t1,centre,11.79
2002,92,t1,droite,59.13
2002,92,t1,gauche,29.08
2002,92,t2,droite,100.0
2002,93,t1,centre,8.68
2002,93,t1,droite,49.38
2002,93,t1,gauche,41.94
2002,93,t2,droite,100.0
2002,94,t1,centre,10.77
2002,94,t1,droite,50.8
2002,94,t1,gauche,38.43
2002,94,t2,droite,100.0
2002,95,t1,centre,11.09
2002,95,t1,droite,52.84
2002,95,t1,gauche,36.07
2002,95,t2,droite,100.0
2002,971,t1,centre,1.15
2002,971,t1,droite,37.55
2002,971,t1,gauche,61.3
2002,971,t2,droite,100.0
2002,972,t1,centre,2.8
2002,972,t1,droite,39.34
2002,972,t1,gauche,57.86
2002,972,t2,droite,100.0
2002,973,t1,centre,3.5
2002,973,t1,droite,24.13
2002,973,t1,gauche,72.37
2002,973,t2,droite,100.0
2002,974,t1,centre,3.35
2002,974,t1,droite,46.51
2002,974,t1,gauche,50.14
2002,974,t2,droite,100.0
2007,01,t1,centre,19.01
2007,01,t1,droite,55.04
2007,01,t1,gauche,25.96
2007,01,t2,droite,64.02
2007,01,t2,gauche,35.98
2007,02,t1,centre,11.48
2007,02,t1,droite,53.62
2007,02,t1,gauche,34.9
2007,02,t2,droite,51.53
2007,02,t2,gauche,48.47
2007,03,t1,centre,18.54
2007,03,t1,droite,44.26
2007,03,t1,gauche,37.21
2007,03,t2,droite,47.19
2007,03,t2,gauche,52.81
2007,04,t1,centre,17.43
2007,04,t1,droite,47.73
2007,04,t1,gauche,34.84
2007,04,t2,droite,53.53
2007,04,t2,gauche,46.47
2007,05,t1,centre,21.1
2007,05,t1,droite,44.88
2007,05,t1,gauche,34.02
2007,05,t2,droite,54.73
2007,05,t2,gauche,45.27
2007,06,t1,centre,10.51
2007,06,t1,droite,72.17
2007,06,t1,gauche,17.32
2007,06,t2,droite,74.07
2007,06,t2,gauche,25.93
2007,07,t1,centre,18.86
2007,07,t1,droite,45.29
2007,07,t1,gauche,35.85
2007,07,t2,droite,51.44
2007,07,t2,gauche,48.56
2007,08,t1,centre,12.93
2007,08,t1,droite,49.26
2007,08,t1,gauche,37.8
2007,08,t2,droite,50.13
2007,08,t2,gauche,49.87
2007,09,t1,centre,16.42
2007,09,t1,droite,36.97
2007,09,t1,gauche,46.62
2007,09,t2,droite,39.04
2007,09,t2,gauche,60.96
2007,10,t1,centre,15.97
2007,10,t1,droite,55.27
2007,10,t1,gauche,28.76
2007,10,t2,droite,63.15
2007,10,t2,gauche,36.85
2007,11,t1,centre,12.35
2007,11,t1,droite,47.61
2007,11,t1,gauche,40.04
2007,11,t2,droite,49.97
2007,11,t2,gauche,50.03
2007,12,t1,centre,21.86
2007,12,t1,droite,38.61
2007,12,t1,gauche,39.53
2007,12,t2,droite,50.24
2007,12,t2,gauche,49.76
2007,13,t1,centre,11.6
2007,13,t1,droite,58.16
2007,13,t1,gauche,30.24
2007,13,t2,droite,63.64
2007,13,t2,gauche,36.36
2007,14,t1,centre,20.82
2007,14,t1,droite,43.06
2007,14,t1,gauche,36.12
2007,14,t2,droite,48.93
2007,14,t2,gauche,51.07
2007,15,t1,centre,20.25
2007,15,t1,droite,45.77
2007,15,t1,gauche,33.98
2007,15,t2,droite,55.87
2007,15,t2,gauche,44.13
2007,16,t1,centre,17.74
2007,16,t1,droite,39.15
2007,16,t1,gauche,43.11
2007,16,t2,droite,46.03
2007,16,t2,gauche,53.97
2007,17,t1,centre,14.79
2007,17,t1,droite,48.22
2007,17,t1,gauche,36.99
2007,17,t2,droite,52.72
2007,17,t2,gauche,47.28
2007,18,t1,centre,19.17
2007,18,t1,droite,47.19
2007,18,t1,gauche,33.64
2007,18,t2,droite,53.64
2007,18,t2,gauche,46.36
2007,19,t1,centre,17.78
2007,19,t1,droite,39.89
2007,19,t1,gauche,42.33
2007,19,t2,droite,47.77
2007,19,t2,gauche,52.23
2007,21,t1,centre,17.32
2007,21,t1,droite,49.65
2007,21,t1,gauche,33.03
2007,21,t2,droite,55.03
2007,21,t2,gauche,44.97
2007,22,t1,centre,20.55
2007,22,t1,droite,37.64
2007,22,t1,gauche,41.81
2007,22,t2,droite,43.23
2007,22,t2,gauche,56.77
2007,23,t1,centre,16.1
2007,23,t1,droite,42.13
2007,23,t1,gauche,41.77
2007,23,t2,droite,44.39
2007,23,t2,gauche,55.61
2007,24,t1,centre,16.92
2007,24,t1,droite,40.46
2007,24,t1,gauche,42.62
2007,24,t2,droite,45.68
2007,24,t2,gauche,54.32
2007,25,t1,centre,16.45
2007,25,t1,droite,50.4
2007,25,t1,gauche,33.15
2007,25,t2,droite,55.95
2007,25,t2,gauche,44.05
2007,26,t1,centre,18.75
2007,26,t1,droite,48.84
2007,26,t1,gauche,32.42
2007,26,t2,droite,54.87
2007,26,t2,gauche,45.13
2007,27,t1,centre,17.26
2007,27,t1,droite,50.59
2007,27,t1,gauche,32.15
2007,27,t2,droite,57.17
2007,27,t2,gauche,42.83
2007,28,t1,centre,18.4
2007,28,t1,droite,51.76
2007,28,t1,gauche,29.84
2007,28,t2,droite,59.4
2007,28,t2,gauche,40.6
2007,29,t1,centre,24.08
2007,29,t1,droite,38.23
2007,29,t1,gauche,37.68
2007,29,t2,droite,45.54
2007,29,t2,gauche,54.46
2007,2A,t1,centre,12.8
2007,2A,t1,droite,61.83
2007,2A,t1,gauche,25.37
2007,2A,t2,droite,61.66
2007,2A,t2,gauche,38.34
2007,2B,t1,centre,10.44
2007,2B,t1,droite,60.42
2007,2B,t1,gauche,29.13
2007,2B,t2,droite,61.15
2007,2B,t2,gauche,38.85
2007,30,t1,centre,14.04
2007,30,t1,droite,56.1
2007,30,t1,gauche,29.87
2007,30,t2,droite,59.31
2007,30,t2,gauche,40.69
2007,31,t1,centre,17.39
2007,31,t1,droite,38.77
2007,31,t1,gauche,43.84
2007,31,t2,droite,44.81
2007,31,t2,gauche,55.19
2007,32,t1,centre,18.96
2007,32,t1,droite,37.37
2007,32,t1,gauche,43.67
2007,32,t2,droite,48.34
2007,32,t2,gauche,51.66
2007,33,t1,centre,17.88
2007,33,t1,droite,43.84
2007,33,t1,gauche,38.28
2007,33,t2,droite,46.73
2007,33,t2,gauche,53.27
2007,34,t1,centre,12.82
2007,34,t1,droite,52.49
2007,34,t1,gauche,34.7
2007,34,t2,droite,54.47
2007,34,t2,gauche,45.53
2007,35,t1,centre,23.29
2007,35,t1,droite,36.31
2007,35,t1,gauche,40.39
2007,35,t2,droite,45.07
2007,35,t2,gauche,54.93
2007,36,t1,centre,17.76
2007,36,t1,droite,45.49
2007,36,t1,gauche,36.75
2007,36,t2,droite,48.22
2007,36,t2,gauche,51.78
2007,37,t1,centre,19.57
2007,37,t1,droite,46.8
2007,37,t1,gauche,33.62
2007,37,t2,droite,51.97
2007,37,t2,gauche,48.03
2007,38,t1,centre,17.84
2007,38,t1,droite,46.44
2007,38,t1,gauche,35.72
2007,38,t2,droite,52.86
2007,38,t2,gauche,47.14
2007,39,t1,centre,20.51
2007,39,t1,droite,46.93
2007,39,t1,gauche,32.56
2007,39,t2,droite,55.18
2007,39,t2,gauche,44.82
2007,40,t1,centre,20.18
2007,40,t1,droite,38.46
2007,40,t1,gauche,41.36
2007,40,t2,droite,47.15
2007,40,t2,gauche,52.85
2007,41,t1,centre,20.31
2007,41,t1,droite,50.69
2007,41,t1,gauche,29.0
2007,41,t2,droite,57.12
2007,41,t2,gauche,42.88
2007,42,t1,centre,19.9
2007,42,t1,droite,47.5
2007,42,t1,gauche,32.59
2007,42,t2,droite,55.23
2007,42,t2,gauche,44.77
2007,43,t1,centre,22.61
2007,43,t1,droite,46.99
2007,43,t1,gauche,30.4
2007,43,t2,droite,54.91
2007,43,t2,gauche,45.09
2007,44,t1,centre,18.75
2007,44,t1,droite,42.58
2007,44,t1,gauche,38.67
2007,44,t2,droite,48.5
2007,44,t2,gauche,51.5
2007,45,t1,centre,16.61
2007,45,t1,droite,54.75
2007,45,t1,gauche,28.65
2007,45,t2,droite,59.31
2007,45,t2,gauche,40.69
2007,46,t1,centre,20.55
2007,46,t1,droite,35.22
2007,46,t1,gauche,44.24
2007,46,t2,droite,42.19
2007,46,t2,gauche,57.81
2007,47,t1,centre,18.43
2007,47,t1,droite,48.23
2007,47,t1,gauche,33.34
2007,47,t2,droite,54.99
2007,47,t2,gauche,45.01
2007,48,t1,centre,21.63
2007,48,t1,droite,45.51
2007,48,t1,gauche,32.86
2007,48,t2,droite,56.6
2007,48,t2,gauche,43.4
2007,49,t1,centre,24.95
2007,49,t1,droite,45.0
2007,49,t1,gauche,30.04
2007,49,t2,droite,54.34
2007,49,t2,gauche,45.66
2007,50,t1,centre,21.89
2007,50,t1,droite,48.92
2007,50,t1,gauche,29.19
2007,50,t2,droite,55.4
2007,50,t2,gauche,44.6
2007,51,t1,centre,17.84
2007,51,t1,droite,53.74
2007,51,t1,gauche,28.42
2007,51,t2,droite,59.8
2007,51,t2,gauche,40.2
2007,52,t1,centre,15.39
2007,52,t1,droite,56.09
2007,52,t1,gauche,28.52
2007,52,t2,droite,58.74
2007,52,t2,gauche,41.26
2007,53,t1,centre,27.1
2007,53,t1,droite,42.03
2007,53,t1,gauche,30.87
2007,53,t2,droite,53.92
2007,53,t2,gauche,46.08
2007,54,t1,centre,18.92
2007,54,t1,droite,44.66
2007,54,t1,gauche,36.41
2007,54,t2,droite,50.17
2007,54,t2,gauche,49.83
2007,55,t1,centre,18.66
2007,55,t1,droite,50.29
2007,55,t1,gauche,31.05
2007,55,t2,droite,56.88
2007,55,t2,gauche,43.12
2007,56,t1,centre,21.64
2007,56,t1,droite,46.56
2007,56,t1,gauche,31.79
2007,56,t2,droite,53.65
2007,56,t2,gauche,46.35
2007,57,t1,centre,17.92
2007,57,t1,droite,51.8
2007,57,t1,gauche,30.28
2007,57,t2,droite,58.27
2007,57,t2,gauche,41.73
2007,58,t1,centre,15.3
2007,58,t1,droite,40.61
2007,58,t1,gauche,44.09
2007,58,t2,droite,45.56
2007,58,t2,gauche,54.44
2007,59,t1,centre,12.98
2007,59,t1,droite,52.96
2007,59,t1,gauche,34.06
2007,59,t2,droite,54.09
2007,59,t2,gauche,45.91
2007,60,t1,centre,14.85
2007,60,t1,droite,55.59
2007,60,t1,gauche,29.56
2007,60,t2,droite,61.3
2007,60,t2,gauche,38.7
2007,61,t1,centre,20.13
2007,61,t1,droite,49.78
2007,61,t1,gauche,30.09
2007,61,t2,droite,58.25
2007,61,t2,gauche,41.75
2007,62,t1,centre,11.59
2007,62,t1,droite,49.29
2007,62,t1,gauche,39.13
2007,62,t2,droite,46.34
2007,62,t2,gauche,53.66
2007,63,t1,centre,20.21
2007,63,t1,droite,38.38
2007,63,t1,gauche,41.4
2007,63,t2,droite,43.83
2007,63,t2,gauche,56.17
2007,64,t1,centre,31.34
2007,64,t1,droite,35.79
2007,64,t1,gauche,32.87
2007,64,t2,droite,47.53
2007,64,t2,gauche,52.47
2007,65,t1,centre,24.83
2007,65,t1,droite,32.56
2007,65,t1,gauche,42.61
2007,65,t2,droite,40.71
2007,65,t2,gauche,59.29
2007,66,t1,centre,12.68
2007,66,t1,droite,54.19
2007,66,t1,gauche,33.13
2007,66,t2,droite,57.76
2007,66,t2,gauche,42.24
2007,67,t1,centre,21.17
2007,67,t1,droite,58.21
2007,67,t1,gauche,20.62
2007,67,t2,droite,68.93
2007,67,t2,gauche,31.07
2007,68,t1,centre,19.5
2007,68,t1,droite,59.36
2007,68,t1,gauche,21.14
2007,68,t2,droite,69.56
2007,68,t2,gauche,30.44
2007,69,t1,centre,16.99
2007,69,t1,droite,51.06
2007,69,t1,gauche,31.95
2007,69,t2,droite,57.14
2007,69,t2,gauche,42.86
2007,70,t1,centre,13.27
2007,70,t1,droite,53.6
2007,70,t1,gauche,33.13
2007,70,t2,droite,55.61
2007,70,t2,gauche,44.39
2007,71,t1,centre,17.05
2007,71,t1,droite,48.95
2007,71,t1,gauche,34.0
2007,71,t2,droite,52.46
2007,71,t2,gauche,47.54
2007,72,t1,centre,17.61
2007,72,t1,droite,45.43
2007,72,t1,gauche,36.97
2007,72,t2,droite,49.17
2007,72,t2,gauche,50.83
2007,73,t1,centre,20.45
2007,73,t1,droite,51.95
2007,73,t1,gauche,27.59
2007,73,t2,droite,58.78
2007,73,t2,gauche,41.22
2007,74,t1,centre,21.14
2007,74,t1,droite,57.65
2007,74,t1,gauche,21.22
2007,74,t2,droite,65.92
2007,74,t2,gauche,34.08
2007,75,t1,centre,12.62
2007,75,t1,droite,47.23
2007,75,t1,gauche,40.15
2007,75,t2,droite,49.11
2007,75,t2,gauche,50.89
2007,76,t1,centre,16.42
2007,76,t1,droite,47.53
2007,76,t1,gauche,36.05
2007,76,t2,droite,51.55
2007,76,t2,gauche,48.45
2007,77,t1,centre,17.12
2007,77,t1,droite,50.97
2007,77,t1,gauche,31.9
2007,77,t2,droite,56.25
2007,77,t2,gauche,43.75
2007,78,t1,centre,18.6
2007,78,t1,droite,54.62
2007,78,t1,gauche,26.79
2007,78,t2,droite,62.41
2007,78,t2,gauche,37.59
2007,79,t1,centre,17.88
2007,79,t1,droite,34.65
2007,79,t1,gauche,47.47
2007,79,t2,droite,44.14
2007,79,t2,gauche,55.86
2007,80,t1,centre,14.01
2007,80,t1,droite,45.62
2007,80,t1,gauche,40.37
2007,80,t2,droite,46.61
2007,80,t2,gauche,53.39
2007,81,t1,centre,17.98
2007,81,t1,droite,42.96
2007,81,t1,gauche,39.06
2007,81,t2,droite,47.76
2007,81,t2,gauche,52.24
2007,82,t1,centre,17.88
2007,82,t1,droite,47.29
2007,82,t1,gauche,34.83
2007,82,t2,droite,53.64
2007,82,t2,gauche,46.36
2007,83,t1,centre,11.06
2007,83,t1,droite,69.75
2007,83,t1,gauche,19.19
2007,83,t2,droite,72.43
2007,83,t2,gauche,27.57
2007,84,t1,centre,13.45
2007,84,t1,droite,59.86
2007,84,t1,gauche,26.69
2007,84,t2,droite,64.2
2007,84,t2,gauche,35.8
2007,85,t1,centre,21.96
2007,85,t1,droite,50.98
2007,85,t1,gauche,27.06
2007,85,t2,droite,58.58
2007,85,t2,gauche,41.42
2007,86,t1,centre,18.23
2007,86,t1,droite,41.18
2007,86,t1,gauche,40.59
2007,86,t2,droite,46.49
2007,86,t2,gauche,53.51
2007,87,t1,centre,17.23
2007,87,t1,droite,38.09
2007,87,t1,gauche,44.68
2007,87,t2,droite,43.0
2007,87,t2,gauche,57.0
2007,88,t1,centre,17.51
2007,88,t1,droite,51.54
2007,88,t1,gauche,30.95
2007,88,t2,droite,54.18
2007,88,t2,gauche,45.82
2007,89,t1,centre,17.16
2007,89,t1,droite,54.82
2007,89,t1,gauche,28.01
2007,89,t2,droite,60.11
2007,89,t2,gauche,39.89
2007,90,t1,centre,15.86
2007,90,t1,droite,50.78
2007,90,t1,gauche,33.36
2007,90,t2,droite,55.98
2007,90,t2,gauche,44.02
2007,91,t1,centre,19.21
2007,91,t1,droite,45.45
2007,91,t1,gauche,35.34
2007,91,t2,droite,52.3
2007,91,t2,gauche,47.7
2007,92,t1,centre,14.21
2007,92,t1,droite,56.48
2007,92,t1,gauche,29.31
2007,92,t2,droite,55.97
2007,92,t2,gauche,44.03
2007,93,t1,centre,12.85
2007,93,t1,droite,37.18
2007,93,t1,gauche,49.97
2007,93,t2,droite,42.64
2007,93,t2,gauche,57.36
2007,94,t1,centre,16.0
2007,94,t1,droite,48.47
2007,94,t1,gauche,35.53
2007,94,t2,droite,52.92
2007,94,t2,gauche,47.08
2007,95,t1,centre,16.57
2007,95,t1,droite,47.44
2007,95,t1,gauche,35.99
2007,95,t2,droite,53.31
2007,95,t2,gauche,46.69
2007,971,t1,centre,5.03
2007,971,t1,droite,53.01
2007,971,t1,gauche,41.96
2007,971,t2,droite,51.24
2007,971,t2,gauche,48.76
2007,972,t1,centre,6.0
2007,972,t1,droite,36.83
2007,972,t1,gauche,57.17
2007,972,t2,droite,37.79
2007,972,t2,gauche,62.21
2007,973,t1,centre,11.18
2007,973,t1,droite,50.27
2007,973,t1,gauche,38.55
2007,973,t2,droite,52.36
2007,973,t2,gauche,47.64
2007,974,t1,centre,9.91
2007,974,t1,droite,28.23
2007,974,t1,gauche,61.86
2007,974,t2,droite,33.58
2007,974,t2,gauche,66.42
2007,976,t1,centre,30.01
2007,976,t1,droite,35.31
2007,976,t1,gauche,34.69
2007,976,t2,droite,37.39
2007,976,t2,gauche,62.61
2012,01,t1,centre,6.52
2012,01,t1,droite,59.48
2012,01,t1,gauche,34.0
2012,01,t2,droite,59.92
2012,01,t2,gauche,40.08
2012,02,t1,centre,3.34
2012,02,t1,droite,54.88
2012,02,t1,gauche,41.78
2012,02,t2,droite,45.77
2012,02,t2,gauche,54.23
2012,03,t1,centre,4.57
2012,03,t1,droite,44.88
2012,03,t1,gauche,50.55
2012,03,t2,droite,40.81
2012,03,t2,gauche,59.19
2012,04,t1,centre,5.18
2012,04,t1,droite,50.22
2012,04,t1,gauche,44.6
2012,04,t2,droite,48.86
2012,04,t2,gauche,51.14
2012,05,t1,centre,8.44
2012,05,t1,droite,47.64
2012,05,t1,gauche,43.92
2012,05,t2,droite,47.99
2012,05,t2,gauche,52.01
2012,06,t1,centre,3.08
2012,06,t1,droite,75.06
2012,06,t1,gauche,21.86
2012,06,t2,droite,70.21
2012,06,t2,gauche,29.79
2012,07,t1,centre,6.62
2012,07,t1,droite,50.06
2012,07,t1,gauche,43.32
2012,07,t2,droite,46.16
2012,07,t2,gauche,53.84
2012,08,t1,centre,4.14
2012,08,t1,droite,51.16
2012,08,t1,gauche,44.7
2012,08,t2,droite,43.9
2012,08,t2,gauche,56.1
2012,09,t1,centre,4.15
2012,09,t1,droite,38.15
2012,09,t1,gauche,57.69
2012,09,t2,droite,33.42
2012,09,t2,gauche,66.58
2012,10,t1,centre,5.07
2012,10,t1,droite,61.11
2012,10,t1,gauche,33.82
2012,10,t2,droite,56.4
2012,10,t2,gauche,43.6
2012,11,t1,centre,2.72
2012,11,t1,droite,49.84
2012,11,t1,gauche,47.45
2012,11,t2,droite,43.73
2012,11,t2,gauche,56.27
2012,12,t1,centre,9.38
2012,12,t1,droite,40.05
2012,12,t1,gauche,50.57
2012,12,t2,droite,41.82
2012,12,t2,gauche,58.18
2012,13,t1,centre,2.85
2012,13,t1,droite,60.68
2012,13,t1,gauche,36.48
2012,13,t2,droite,57.27
2012,13,t2,gauche,42.73
2012,14,t1,centre,6.67
2012,14,t1,droite,46.12
2012,14,t1,gauche,47.21
2012,14,t2,droite,43.69
2012,14,t2,gauche,56.31
2012,15,t1,centre,8.5
2012,15,t1,droite,44.79
2012,15,t1,gauche,46.71
2012,15,t2,droite,46.36
2012,15,t2,gauche,53.64
2012,16,t1,centre,5.33
2012,16,t1,droite,43.29
2012,16,t1,gauche,51.38
2012,16,t2,droite,38.33
2012,16,t2,gauche,61.67
2012,17,t1,centre,4.84
2012,17,t1,droite,53.93
2012,17,t1,gauche,41.23
2012,17,t2,droite,47.93
2012,17,t2,gauche,52.07
2012,18,t1,centre,5.3
2012,18,t1,droite,48.91
2012,18,t1,gauche,45.79
2012,18,t2,droite,46.67
2012,18,t2,gauche,53.33
2012,19,t1,centre,3.6
2012,19,t1,droite,34.03
2012,19,t1,gauche,62.37
2012,19,t2,droite,31.15
2012,19,t2,gauche,68.85
2012,21,t1,centre,5.56
2012,21,t1,droite,52.69
2012,21,t1,gauche,41.75
2012,21,t2,droite,51.07
2012,21,t2,gauche,48.93
2012,22,t1,centre,6.81
2012,22,t1,droite,40.67
2012,22,t1,gauche,52.52
2012,22,t2,droite,38.64
2012,22,t2,gauche,61.36
2012,23,t1,centre,5.75
2012,23,t1,droite,39.67
2012,23,t1,gauche,54.58
2012,23,t2,droite,36.83
2012,23,t2,gauche,63.17
2012,24,t1,centre,4.4
2012,24,t1,droite,42.84
2012,24,t1,gauche,52.75
2012,24,t2,droite,37.73
2012,24,t2,gauche,62.27
2012,25,t1,centre,5.41
2012,25,t1,droite,52.39
2012,25,t1,gauche,42.2
2012,25,t2,droite,51.61
2012,25,t2,gauche,48.39
2012,26,t1,centre,5.35
2012,26,t1,droite,54.14
2012,26,t1,gauche,40.51
2012,26,t2,droite,51.31
2012,26,t2,gauche,48.69
2012,27,t1,centre,4.87
2012,27,t1,droite,54.52
2012,27,t1,gauche,40.6
2012,27,t2,droite,50.2
2012,27,t2,gauche,49.8
2012,28,t1,centre,5.99
2012,28,t1,droite,54.84
2012,28,t1,gauche,39.17
2012,28,t2,droite,53.06
2012,28,t2,gauche,46.94
2012,29,t1,centre,7.99
2012,29,t1,droite,40.96
2012,29,t1,gauche,51.05
2012,29,t2,droite,40.93
2012,29,t2,gauche,59.07
2012,2A,t1,centre,3.52
2012,2A,t1,droite,64.32
2012,2A,t1,gauche,32.17
2012,2A,t2,droite,58.86
2012,2A,t2,gauche,41.14
2012,2B,t1,centre,2.75
2012,2B,t1,droite,64.39
2012,2B,t1,gauche,32.85
2012,2B,t2,droite,55.19
2012,2B,t2,gauche,44.81
2012,30,t1,centre,3.44
2012,30,t1,droite,61.9
2012,30,t1,gauche,34.67
2012,30,t2,droite,53.55
2012,30,t2,gauche,46.45
2012,31,t1,centre,5.27
2012,31,t1,droite,42.21
2012,31,t1,gauche,52.51
2012,31,t2,droite,38.51
2012,31,t2,gauche,61.49
2012,32,t1,centre,6.88
2012,32,t1,droite,41.99
2012,32,t1,gauche,51.13
2012,32,t2,droite,41.31
2012,32,t2,gauche,58.69
2012,33,t1,centre,5.36
2012,33,t1,droite,48.03
2012,33,t1,gauche,46.61
2012,33,t2,droite,41.53
2012,33,t2,gauche,58.47
2012,34,t1,centre,3.7
2012,34,t1,droite,54.66
2012,34,t1,gauche,41.64
2012,34,t2,droite,47.82
2012,34,t2,gauche,52.18
2012,35,t1,centre,7.78
2012,35,t1,droite,41.43
2012,35,t1,gauche,50.78
2012,35,t2,droite,40.25
2012,35,t2,gauche,59.75
2012,36,t1,centre,5.86
2012,36,t1,droite,47.76
2012,36,t1,gauche,46.37
2012,36,t2,droite,44.26
2012,36,t2,gauche,55.74
2012,37,t1,centre,6.69
2012,37,t1,droite,48.99
2012,37,t1,gauche,44.32
2012,37,t2,droite,47.29
2012,37,t2,gauche,52.71
2012,38,t1,centre,5.54
2012,38,t1,droite,50.32
2012,38,t1,gauche,44.14
2012,38,t2,droite,46.23
2012,38,t2,gauche,53.77
2012,39,t1,centre,6.8
2012,39,t1,droite,49.5
2012,39,t1,gauche,43.71
2012,39,t2,droite,49.12
2012,39,t2,gauche,50.88
2012,40,t1,centre,7.7
2012,40,t1,droite,42.42
2012,40,t1,gauche,49.88
2012,40,t2,droite,43.86
2012,40,t2,gauche,56.14
2012,41,t1,centre,6.8
2012,41,t1,droite,56.42
2012,41,t1,gauche,36.79
2012,41,t2,droite,54.04
2012,41,t2,gauche,45.96
2012,42,t1,centre,5.77
2012,42,t1,droite,53.68
2012,42,t1,gauche,40.55
2012,42,t2,droite,50.49
2012,42,t2,gauche,49.51
2012,43,t1,centre,9.73
2012,43,t1,droite,48.38
2012,43,t1,gauche,41.89
2012,43,t2,droite,48.27
2012,43,t2,gauche,51.73
2012,44,t1,centre,6.71
2012,44,t1,droite,45.5
2012,44,t1,gauche,47.79
2012,44,t2,droite,42.4
2012,44,t2,gauche,57.6
2012,45,t1,centre,5.14
2012,45,t1,droite,56.6
2012,45,t1,gauche,38.26
2012,45,t2,droite,54.94
2012,45,t2,gauche,45.06
2012,46,t1,centre,6.66
2012,46,t1,droite,37.19
2012,46,t1,gauche,56.15
2012,46,t2,droite,36.17
2012,46,t2,gauche,63.83
2012,47,t1,centre,5.89
2012,47,t1,droite,52.48
2012,47,t1,gauche,41.64
2012,47,t2,droite,48.06
2012,47,t2,gauche,51.94
2012,48,t1,centre,9.12
2012,48,t1,droite,48.93
2012,48,t1,gauche,41.94
2012,48,t2,droite,50.63
2012,48,t2,gauche,49.37
2012,49,t1,centre,9.62
2012,49,t1,droite,51.07
2012,49,t1,gauche,39.31
2012,49,t2,droite,51.63
2012,49,t2,gauche,48.37
2012,50,t1,centre,8.51
2012,50,t1,droite,48.92
2012,50,t1,gauche,42.57
2012,50,t2,droite,48.07
2012,50,t2,gauche,51.93
2012,51,t1,centre,6.31
2012,51,t1,droite,58.42
2012,51,t1,gauche,35.27
2012,51,t2,droite,53.86
2012,51,t2,gauche,46.14
2012,52,t1,centre,5.17
2012,52,t1,droite,59.14
2012,52,t1,gauche,35.69
2012,52,t2,droite,51.45
2012,52,t2,gauche,48.55
2012,53,t1,centre,12.29
2012,53,t1,droite,49.39
2012,53,t1,gauche,38.32
2012,53,t2,droite,51.75
2012,53,t2,gauche,48.25
2012,54,t1,centre,6.16
2012,54,t1,droite,48.95
2012,54,t1,gauche,44.89
2012,54,t2,droite,44.73
2012,54,t2,gauche,55.27
2012,55,t1,centre,6.74
2012,55,t1,droite,55.41
2012,55,t1,gauche,37.86
2012,55,t2,droite,52.74
2012,55,t2,gauche,47.26
2012,56,t1,centre,7.4
2012,56,t1,droite,53.14
2012,56,t1,gauche,39.45
2012,56,t2,droite,49.05
2012,56,t2,gauche,50.95
2012,57,t1,centre,5.53
2012,57,t1,droite,58.3
2012,57,t1,gauche,36.16
2012,57,t2,droite,54.31
2012,57,t2,gauche,45.69
2012,58,t1,centre,4.93
2012,58,t1,droite,43.05
2012,58,t1,gauche,52.02
2012,58,t2,droite,37.03
2012,58,t2,gauche,62.97
2012,59,t1,centre,3.98
2012,59,t1,droite,55.75
2012,59,t1,gauche,40.27
2012,59,t2,droite,49.58
2012,59,t2,gauche,50.42
2012,60,t1,centre,4.59
2012,60,t1,droite,57.03
2012,60,t1,gauche,38.37
2012,60,t2,droite,52.03
2012,60,t2,gauche,47.97
2012,61,t1,centre,8.02
2012,61,t1,droite,54.84
2012,61,t1,gauche,37.13
2012,61,t2,droite,50.6
2012,61,t2,gauche,49.4
2012,62,t1,centre,3.37
2012,62,t1,droite,52.99
2012,62,t1,gauche,43.64
2012,62,t2,droite,40.33
2012,62,t2,gauche,59.67
2012,63,t1,centre,6.25
2012,63,t1,droite,39.15
2012,63,t1,gauche,54.6
2012,63,t2,droite,35.46
2012,63,t2,gauche,64.54
2012,64,t1,centre,12.29
2012,64,t1,droite,40.7
2012,64,t1,gauche,47.01
2012,64,t2,droite,42.21
2012,64,t2,gauche,57.79
2012,65,t1,centre,7.54
2012,65,t1,droite,36.28
2012,65,t1,gauche,56.18
2012,65,t2,droite,37.34
2012,65,t2,gauche,62.66
2012,66,t1,centre,3.21
2012,66,t1,droite,56.19
2012,66,t1,gauche,40.6
2012,66,t2,droite,50.55
2012,66,t2,gauche,49.45
2012,67,t1,centre,7.12
2012,67,t1,droite,65.09
2012,67,t1,gauche,27.78
2012,67,t2,droite,67.34
2012,67,t2,gauche,32.66
2012,68,t1,centre,7.57
2012,68,t1,droite,68.26
2012,68,t1,gauche,24.17
2012,68,t2,droite,67.37
2012,68,t2,gauche,32.63
2012,69,t1,centre,5.07
2012,69,t1,droite,55.48
2012,69,t1,gauche,39.46
2012,69,t2,droite,51.47
2012,69,t2,gauche,48.53
2012,70,t1,centre,4.82
2012,70,t1,droite,54.26
2012,70,t1,gauche,40.92
2012,70,t2,droite,48.07
2012,70,t2,gauche,51.93
2012,71,t1,centre,5.29
2012,71,t1,droite,51.54
2012,71,t1,gauche,43.17
2012,71,t2,droite,48.13
2012,71,t2,gauche,51.87
2012,72,t1,centre,5.43
2012,72,t1,droite,50.59
2012,72,t1,gauche,43.99
2012,72,t2,droite,44.55
2012,72,t2,gauche,55.45
2012,73,t1,centre,6.98
2012,73,t1,droite,55.84
2012,73,t1,gauche,37.18
2012,73,t2,droite,54.27
2012,73,t2,gauche,45.73
2012,74,t1,centre,7.86
2012,74,t1,droite,63.82
2012,74,t1,gauche,28.32
2012,74,t2,droite,64.24
2012,74,t2,gauche,35.76
2012,75,t1,centre,3.44
2012,75,t1,droite,49.09
2012,75,t1,gauche,47.47
2012,75,t2,droite,45.89
2012,75,t2,gauche,54.11
2012,76,t1,centre,4.61
2012,76,t1,droite,50.29
2012,76,t1,gauche,45.09
2012,76,t2,droite,44.07
2012,76,t2,gauche,55.93
2012,77,t1,centre,4.97
2012,77,t1,droite,52.03
2012,77,t1,gauche,43.0
2012,77,t2,droite,49.42
2012,77,t2,gauche,50.58
2012,78,t1,centre,6.83
2012,78,t1,droite,57.37
2012,78,t1,gauche,35.8
2012,78,t2,droite,57.64
2012,78,t2,gauche,42.36
2012,79,t1,centre,7.95
2012,79,t1,droite,39.7
2012,79,t1,gauche,52.35
2012,79,t2,droite,39.83
2012,79,t2,gauche,60.17
2012,80,t1,centre,4.55
2012,80,t1,droite,47.86
2012,80,t1,gauche,47.59
2012,80,t2,droite,40.64
2012,80,t2,gauche,59.36
2012,81,t1,centre,5.63
2012,81,t1,droite,45.52
2012,81,t1,gauche,48.85
2012,81,t2,droite,43.6
2012,81,t2,gauche,56.4
2012,82,t1,centre,5.47
2012,82,t1,droite,52.75
2012,82,t1,gauche,41.78
2012,82,t2,droite,47.46
2012,82,t2,gauche,52.54
2012,83,t1,centre,2.54
2012,83,t1,droite,74.71
2012,83,t1,gauche,22.75
2012,83,t2,droite,69.23
2012,83,t2,gauche,30.77
2012,84,t1,centre,2.93
2012,84,t1,droite,65.31
2012,84,t1,gauche,31.76
2012,84,t2,droite,59.98
2012,84,t2,gauche,40.02
2012,85,t1,centre,9.31
2012,85,t1,droite,54.62
2012,85,t1,gauche,36.08
2012,85,t2,droite,57.05
2012,85,t2,gauche,42.95
2012,86,t1,centre,6.9
2012,86,t1,droite,42.03
2012,86,t1,gauche,51.07
2012,86,t2,droite,40.83
2012,86,t2,gauche,59.17
2012,87,t1,centre,4.91
2012,87,t1,droite,37.0
2012,87,t1,gauche,58.09
2012,87,t2,droite,32.09
2012,87,t2,gauche,67.91
2012,88,t1,centre,6.58
2012,88,t1,droite,56.11
2012,88,t1,gauche,37.31
2012,88,t2,droite,50.33
2012,88,t2,gauche,49.67
2012,89,t1,centre,4.78
2012,89,t1,droite,59.4
2012,89,t1,gauche,35.82
2012,89,t2,droite,52.45
2012,89,t2,gauche,47.55
2012,90,t1,centre,7.84
2012,90,t1,droite,52.38
2012,90,t1,gauche,39.78
2012,90,t2,droite,49.12
2012,90,t2,gauche,50.88
2012,91,t1,centre,5.97
2012,91,t1,droite,48.15
2012,91,t1,gauche,45.89
2012,91,t2,droite,47.52
2012,91,t2,gauche,52.48
2012,92,t1,centre,5.09
2012,92,t1,droite,56.02
2012,92,t1,gauche,38.89
2012,92,t2,droite,54.46
2012,92,t2,gauche,45.54
2012,93,t1,centre,2.91
2012,93,t1,droite,34.55
2012,93,t1,gauche,62.54
2012,93,t2,droite,35.1
2012,93,t2,gauche,64.9
2012,94,t1,centre,5.2
2012,94,t1,droite,46.91
2012,94,t1,gauche,47.89
2012,94,t2,droite,47.02
2012,94,t2,gauche,52.98
2012,95,t1,centre,4.73
2012,95,t1,droite,47.78
2012,95,t1,gauche,47.49
2012,95,t2,droite,47.2
2012,95,t2,gauche,52.8
2012,971,t1,centre,1.94
2012,971,t1,droite,25.87
2012,971,t1,gauche,72.19
2012,971,t2,droite,23.78
2012,971,t2,gauche,76.22
2012,972,t1,centre,2.65
2012,972,t1,droite,28.59
2012,972,t1,gauche,68.76
2012,972,t2,droite,28.42
2012,972,t2,gauche,71.58
2012,973,t1,centre,5.36
2012,973,t1,droite,38.52
2012,973,t1,gauche,56.12
2012,973,t2,droite,34.21
2012,973,t2,gauche,65.79
2012,974,t1,centre,4.14
2012,974,t1,droite,20.34
2012,974,t1,gauche,75.52
2012,974,t2,droite,22.3
2012,974,t2,gauche,77.7
2012,975,t1,centre,7.54
2012,975,t1,droite,37.33
2012,975,t1,gauche,55.13
2012,975,t2,droite,34.69
2012,975,t2,gauche,65.31
2012,976,t1,centre,1.85
2012,976,t1,droite,56.84
2012,976,t1,gauche,41.31
2012,976,t2,droite,49.03
2012,976,t2,gauche,50.97
2012,977,t1,centre,4.42
2012,977,t1,droite,59.09
2012,977,t1,gauche,36.49
2012,977,t2,droite,59.43
2012,977,t2,gauche,40.57
2012,986,t1,centre,6.4
2012,986,t1,droite,41.17
2012,986,t1,gauche,52.43
2012,986,t2,droite,43.94
2012,986,t2,gauche,56.06
2012,987,t1,centre,3.3
2012,987,t1,droite,60.52
2012,987,t1,gauche,36.18
2012,987,t2,droite,54.25
2012,987,t2,gauche,45.75
2012,988,t1,centre,3.2
2012,988,t1,droite,73.3
2012,988,t1,gauche,23.49
2012,988,t2,droite,68.68
2012,988,t2,gauche,31.32
2017,01,t1,centre,25.93
2017,01,t1,droite,55.34
2017,01,t1,gauche,18.73
2017,01,t2,centre,66.33
2017,01,t2,droite,33.67
2017,02,t1,centre,17.74
2017,02,t1,droite,63.75
2017,02,t1,gauche,18.51
2017,02,t2,centre,48.9
2017,02,t2,droite,51.1
2017,03,t1,centre,28.09
2017,03,t1,droite,47.62
2017,03,t1,gauche,24.29
2017,03,t2,centre,68.48
2017,03,t2,droite,31.52
2017,04,t1,centre,21.36
2017,04,t1,droite,51.09
2017,04,t1,gauche,27.55
2017,04,t2,centre,59.81
2017,04,t2,droite,40.19
2017,05,t1,centre,24.38
2017,05,t1,droite,47.24
2017,05,t1,gauche,28.38
2017,05,t2,centre,66.54
2017,05,t2,droite,33.46
2017,06,t1,centre,15.37
2017,06,t1,droite,70.8
2017,06,t1,gauche,13.82
2017,06,t2,centre,56.14
2017,06,t2,droite,43.86
2017,07,t1,centre,25.35
2017,07,t1,droite,48.48
2017,07,t1,gauche,26.16
2017,07,t2,centre,64.43
2017,07,t2,droite,35.57
2017,08,t1,centre,18.51
2017,08,t1,droite,56.95
2017,08,t1,gauche,24.53
2017,08,t2,centre,52.36
2017,08,t2,droite,47.64
2017,09,t1,centre,24.35
2017,09,t1,droite,38.51
2017,09,t1,gauche,37.13
2017,09,t2,centre,65.11
2017,09,t2,droite,34.89
2017,10,t1,centre,21.54
2017,10,t1,droite,60.45
2017,10,t1,gauche,18.01
2017,10,t2,centre,58.94
2017,10,t2,droite,41.06
2017,11,t1,centre,22.0
2017,11,t1,droite,52.96
2017,11,t1,gauche,25.04
2017,11,t2,centre,55.38
2017,11,t2,droite,44.62
2017,12,t1,centre,33.95
2017,12,t1,droite,39.07
2017,12,t1,gauche,26.98
2017,12,t2,centre,80.2
2017,12,t2,droite,19.8
2017,13,t1,centre,15.94
2017,13,t1,droite,58.49
2017,13,t1,gauche,25.58
2017,13,t2,centre,59.67
2017,13,t2,droite,40.33
2017,14,t1,centre,31.42
2017,14,t1,droite,43.35
2017,14,t1,gauche,25.23
2017,14,t2,centre,76.27
2017,14,t2,droite,23.73
2017,15,t1,centre,33.51
2017,15,t1,droite,44.37
2017,15,t1,gauche,22.13
2017,15,t2,centre,74.96
2017,15,t2,droite,25.04
2017,16,t1,centre,33.34
2017,16,t1,droite,40.7
2017,16,t1,gauche,25.96
2017,16,t2,centre,73.75
2017,16,t2,droite,26.25
2017,17,t1,centre,27.9
2017,17,t1,droite,51.16
2017,17,t1,gauche,20.94
2017,17,t2,centre,72.01
2017,17,t2,droite,27.99
2017,18,t1,centre,25.68
2017,18,t1,droite,51.24
2017,18,t1,gauche,23.08
2017,18,t2,centre,65.28
2017,18,t2,droite,34.72
2017,19,t1,centre,35.04
2017,19,t1,droite,39.06
2017,19,t1,gauche,25.9
2017,19,t2,centre,75.46
2017,19,t2,droite,24.54
2017,21,t1,centre,28.43
2017,21,t1,droite,50.56
2017,21,t1,gauche,21.02
2017,21,t2,centre,70.92
2017,21,t2,droite,29.08
2017,22,t1,centre,35.37
2017,22,t1,droite,39.62
2017,22,t1,gauche,25.01
2017,22,t2,centre,82.31
2017,22,t2,droite,17.69
2017,23,t1,centre,27.52
2017,23,t1,droite,41.58
2017,23,t1,gauche,30.9
2017,23,t2,centre,70.68
2017,23,t2,droite,29.32
2017,24,t1,centre,25.13
2017,24,t1,droite,44.34
2017,24,t1,gauche,30.53
2017,24,t2,centre,70.51
2017,24,t2,droite,29.49
2017,25,t1,centre,26.72
2017,25,t1,droite,50.91
2017,25,t1,gauche,22.36
2017,25,t2,centre,70.91
2017,25,t2,droite,29.09
2017,26,t1,centre,24.55
2017,26,t1,droite,50.97
2017,26,t1,gauche,24.48
2017,26,t2,centre,66.44
2017,26,t2,droite,33.56
2017,27,t1,centre,21.42
2017,27,t1,droite,57.23
2017,27,t1,gauche,21.35
2017,27,t2,centre,58.16
2017,27,t2,droite,41.84
2017,28,t1,centre,25.39
2017,28,t1,droite,53.61
2017,28,t1,gauche,21.0
2017,28,t2,centre,66.77
2017,28,t2,droite,33.23
2017,29,t1,centre,38.21
2017,29,t1,droite,37.46
2017,29,t1,gauche,24.33
2017,29,t2,centre,85.91
2017,29,t2,droite,14.09
2017,2A,t1,centre,20.53
2017,2A,t1,droite,65.15
2017,2A,t1,gauche,14.32
2017,2A,t2,centre,52.59
2017,2A,t2,droite,47.41
2017,2B,t1,centre,20.25
2017,2B,t1,droite,66.29
2017,2B,t1,gauche,13.46
2017,2B,t2,centre,50.15
2017,2B,t2,droite,49.85
2017,30,t1,centre,16.57
2017,30,t1,droite,59.9
2017,30,t1,gauche,23.53
2017,30,t2,centre,55.93
2017,30,t2,droite,44.07
2017,31,t1,centre,29.15
2017,31,t1,droite,38.36
2017,31,t1,gauche,32.48
2017,31,t2,centre,78.69
2017,31,t2,droite,21.31
2017,32,t1,centre,30.28
2017,32,t1,droite,41.32
2017,32,t1,gauche,28.4
2017,32,t2,centre,70.81
2017,32,t2,droite,29.19
2017,33,t1,centre,29.91
2017,33,t1,droite,43.75
2017,33,t1,gauche,26.33
2017,33,t2,centre,77.49
2017,33,t2,droite,22.51
2017,34,t1,centre,20.86
2017,34,t1,droite,51.03
2017,34,t1,gauche,28.12
2017,34,t2,centre,62.81
2017,34,t2,droite,37.19
2017,35,t1,centre,36.29
2017,35,t1,droite,35.61
2017,35,t1,gauche,28.1
2017,35,t2,centre,86.21
2017,35,t2,droite,13.79
2017,36,t1,centre,23.44
2017,36,t1,droite,51.15
2017,36,t1,gauche,25.41
2017,36,t2,centre,65.34
2017,36,t2,droite,34.66
2017,37,t1,centre,27.31
2017,37,t1,droite,47.34
2017,37,t1,gauche,25.34
2017,37,t2,centre,74.83
2017,37,t2,droite,25.17
2017,38,t1,centre,28.34
2017,38,t1,droite,46.16
2017,38,t1,gauche,25.51
2017,38,t2,centre,72.44
2017,38,t2,droite,27.56
2017,39,t1,centre,24.77
2017,39,t1,droite,49.42
2017,39,t1,gauche,25.8
2017,39,t2,centre,66.12
2017,39,t2,droite,33.88
2017,40,t1,centre,33.32
2017,40,t1,droite,40.78
2017,40,t1,gauche,25.9
2017,40,t2,centre,74.89
2017,40,t2,droite,25.11
2017,41,t1,centre,22.74
2017,41,t1,droite,57.67
2017,41,t1,gauche,19.59
2017,41,t2,centre,63.13
2017,41,t2,droite,36.87
2017,42,t1,centre,25.61
2017,42,t1,droite,51.77
2017,42,t1,gauche,22.62
2017,42,t2,centre,69.57
2017,42,t2,droite,30.43
2017,43,t1,centre,28.43
2017,43,t1,droite,48.97
2017,43,t1,gauche,22.6
2017,43,t2,centre,65.06
2017,43,t2,droite,34.94
2017,44,t1,centre,31.6
2017,44,t1,droite,41.44
2017,44,t1,gauche,26.97
2017,44,t2,centre,83.13
2017,44,t2,droite,16.87
2017,45,t1,centre,28.36
2017,45,t1,droite,54.36
2017,45,t1,gauche,17.28
2017,45,t2,centre,69.15
2017,45,t2,droite,30.85
2017,46,t1,centre,33.88
2017,46,t1,droite,34.96
2017,46,t1,gauche,31.16
2017,46,t2,centre,76.8
2017,46,t2,droite,23.2
2017,47,t1,centre,25.13
2017,47,t1,droite,50.84
2017,47,t1,gauche,24.04
2017,47,t2,centre,63.03
2017,47,t2,droite,36.97
2017,48,t1,centre,24.81
2017,48,t1,droite,47.06
2017,48,t1,gauche,28.14
2017,48,t2,centre,70.77
2017,48,t2,droite,29.23
2017,49,t1,centre,31.84
2017,49,t1,droite,48.57
2017,49,t1,gauche,19.6
2017,49,t2,centre,79.48
2017,49,t2,droite,20.52
2017,50,t1,centre,30.67
2017,50,t1,droite,47.9
2017,50,t1,gauche,21.43
2017,50,t2,centre,76.05
2017,50,t2,droite,23.95
2017,51,t1,centre,24.64
2017,51,t1,droite,57.74
2017,51,t1,gauche,17.63
2017,51,t2,centre,62.17
2017,51,t2,droite,37.83
2017,52,t1,centre,18.7
2017,52,t1,droite,62.5
2017,52,t1,gauche,18.8
2017,52,t2,centre,51.04
2017,52,t2,droite,48.96
2017,53,t1,centre,33.48
2017,53,t1,droite,48.92
2017,53,t1,gauche,17.6
2017,53,t2,centre,79.64
2017,53,t2,droite,20.36
2017,54,t1,centre,26.04
2017,54,t1,droite,48.58
2017,54,t1,gauche,25.38
2017,54,t2,centre,67.91
2017,54,t2,droite,32.09
2017,55,t1,centre,23.51
2017,55,t1,droite,57.34
2017,55,t1,gauche,19.15
2017,55,t2,centre,53.26
2017,55,t2,droite,46.74
2017,56,t1,centre,32.91
2017,56,t1,droite,47.17
2017,56,t1,gauche,19.92
2017,56,t2,centre,79.52
2017,56,t2,droite,20.48
2017,57,t1,centre,24.31
2017,57,t1,droite,55.39
2017,57,t1,gauche,20.29
2017,57,t2,centre,64.87
2017,57,t2,droite,35.13
2017,58,t1,centre,25.98
2017,58,t1,droite,48.99
2017,58,t1,gauche,25.02
2017,58,t2,centre,63.24
2017,58,t2,droite,36.76
2017,59,t1,centre,19.0
2017,59,t1,droite,57.37
2017,59,t1,gauche,23.64
2017,59,t2,centre,63.99
2017,59,t2,droite,36.01
2017,60,t1,centre,21.15
2017,60,t1,droite,58.79
2017,60,t1,gauche,20.06
2017,60,t2,centre,58.99
2017,60,t2,droite,41.01
2017,61,t1,centre,25.06
2017,61,t1,droite,57.86
2017,61,t1,gauche,17.08
2017,61,t2,centre,66.0
2017,61,t2,droite,34.0
2017,62,t1,centre,16.73
2017,62,t1,droite,63.87
2017,62,t1,gauche,19.39
2017,62,t2,centre,46.99
2017,62,t2,droite,53.01
2017,63,t1,centre,36.63
2017,63,t1,droite,35.39
2017,63,t1,gauche,27.99
2017,63,t2,centre,81.27
2017,63,t2,droite,18.73
2017,64,t1,centre,36.77
2017,64,t1,droite,37.85
2017,64,t1,gauche,25.39
2017,64,t2,centre,84.03
2017,64,t2,droite,15.97
2017,65,t1,centre,30.59
2017,65,t1,droite,37.03
2017,65,t1,gauche,32.38
2017,65,t2,centre,72.14
2017,65,t2,droite,27.86
2017,66,t1,centre,18.26
2017,66,t1,droite,59.68
2017,66,t1,gauche,22.06
2017,66,t2,centre,50.46
2017,66,t2,droite,49.54
2017,67,t1,centre,22.71
2017,67,t1,droite,58.39
2017,67,t1,gauche,18.91
2017,67,t2,centre,67.17
2017,67,t2,droite,32.83
2017,68,t1,centre,20.3
2017,68,t1,droite,65.08
2017,68,t1,gauche,14.62
2017,68,t2,centre,60.1
2017,68,t2,droite,39.9
2017,69,t1,centre,25.35
2017,69,t1,droite,48.72
2017,69,t1,gauche,25.92
2017,69,t2,centre,81.35
2017,69,t2,droite,18.65
2017,70,t1,centre,21.28
2017,70,t1,droite,58.67
2017,70,t1,gauche,20.05
2017,70,t2,centre,54.4
2017,70,t2,droite,45.6
2017,71,t1,centre,25.45
2017,71,t1,droite,54.34
2017,71,t1,gauche,20.21
2017,71,t2,centre,67.46
2017,71,t2,droite,32.54
2017,72,t1,centre,21.53
2017,72,t1,droite,59.07
2017,72,t1,gauche,19.4
2017,72,t2,centre,68.87
2017,72,t2,droite,31.13
2017,73,t1,centre,27.79
2017,73,t1,droite,51.0
2017,73,t1,gauche,21.21
2017,73,t2,centre,69.08
2017,73,t2,droite,30.92
2017,74,t1,centre,27.8
2017,74,t1,droite,56.4
2017,74,t1,gauche,15.8
2017,74,t2,centre,74.37
2017,74,t2,droite,25.63
2017,75,t1,centre,31.69
2017,75,t1,droite,40.47
2017,75,t1,gauche,27.84
2017,75,t2,centre,95.79
2017,75,t2,droite,4.21
2017,76,t1,centre,23.38
2017,76,t1,droite,50.37
2017,76,t1,gauche,26.25
2017,76,t2,centre,68.8
2017,76,t2,droite,31.2
2017,77,t1,centre,27.32
2017,77,t1,droite,46.77
2017,77,t1,gauche,25.92
2017,77,t2,centre,72.56
2017,77,t2,droite,27.44
2017,78,t1,centre,30.27
2017,78,t1,droite,50.39
2017,78,t1,gauche,19.34
2017,78,t2,centre,86.45
2017,78,t2,droite,13.55
2017,79,t1,centre,36.38
2017,79,t1,droite,39.1
2017,79,t1,gauche,24.52
2017,79,t2,centre,80.9
2017,79,t2,droite,19.1
2017,80,t1,centre,25.55
2017,80,t1,droite,49.61
2017,80,t1,gauche,24.84
2017,80,t2,centre,59.5
2017,80,t2,droite,40.5
2017,81,t1,centre,27.55
2017,81,t1,droite,46.84
2017,81,t1,gauche,25.61
2017,81,t2,centre,68.69
2017,81,t2,droite,31.31
2017,82,t1,centre,22.04
2017,82,t1,droite,55.01
2017,82,t1,gauche,22.95
2017,82,t2,centre,58.34
2017,82,t2,droite,41.66
2017,83,t1,centre,13.12
2017,83,t1,droite,72.79
2017,83,t1,gauche,14.08
2017,83,t2,centre,49.42
2017,83,t2,droite,50.58
2017,84,t1,centre,16.28
2017,84,t1,droite,64.07
2017,84,t1,gauche,19.65
2017,84,t2,centre,49.48
2017,84,t2,droite,50.52
2017,85,t1,centre,31.32
2017,85,t1,droite,52.64
2017,85,t1,gauche,16.04
2017,85,t2,centre,78.19
2017,85,t2,droite,21.81
2017,86,t1,centre,30.63
2017,86,t1,droite,42.29
2017,86,t1,gauche,27.09
2017,86,t2,centre,76.15
2017,86,t2,droite,23.85
2017,87,t1,centre,34.56
2017,87,t1,droite,36.08
2017,87,t1,gauche,29.37
2017,87,t2,centre,76.17
2017,87,t2,droite,23.83
2017,88,t1,centre,21.79
2017,88,t1,droite,59.15
2017,88,t1,gauche,19.06
2017,88,t2,centre,60.57
2017,88,t2,droite,39.43
2017,89,t1,centre,22.1
2017,89,t1,droite,58.67
2017,89,t1,gauche,19.22
2017,89,t2,centre,57.59
2017,89,t2,droite,42.41
2017,90,t1,centre,22.01
2017,90,t1,droite,53.53
2017,90,t1,gauche,24.46
2017,90,t2,centre,60.07
2017,90,t2,droite,39.93
2017,91,t1,centre,31.24
2017,91,t1,droite,42.98
2017,91,t1,gauche,25.78
2017,91,t2,centre,80.11
2017,91,t2,droite,19.89
2017,92,t1,centre,29.08
2017,92,t1,droite,48.85
2017,92,t1,gauche,22.07
2017,92,t2,centre,93.4
2017,92,t2,droite,6.6
2017,93,t1,centre,23.94
2017,93,t1,droite,27.31
2017,93,t1,gauche,48.75
2017,93,t2,centre,86.57
2017,93,t2,droite,13.43
2017,94,t1,centre,31.66
2017,94,t1,droite,37.74
2017,94,t1,gauche,30.61
2017,94,t2,centre,89.08
2017,94,t2,droite,10.92
2017,95,t1,centre,27.12
2017,95,t1,droite,41.94
2017,95,t1,gauche,30.94
2017,95,t2,centre,79.72
2017,95,t2,droite,20.28
2017,971,t1,centre,38.07
2017,971,t1,droite,29.04
2017,971,t1,gauche,32.89
2017,971,t2,centre,83.87
2017,971,t2,droite,16.13
2017,972,t1,centre,29.4
2017,972,t1,droite,26.26
2017,972,t1,gauche,44.33
2017,972,t2,centre,86.4
2017,972,t2,droite,13.6
2017,973,t1,centre,20.37
2017,973,t1,droite,41.72
2017,973,t1,gauche,37.9
2017,973,t2,centre,68.59
2017,973,t2,droite,31.41
2017,974,t1,centre,19.58
2017,974,t1,droite,45.29
2017,974,t1,gauche,35.13
2017,974,t2,centre,64.24
2017,974,t2,droite,35.76
2017,975,t1,centre,20.36
2017,975,t1,droite,31.99
2017,975,t1,gauche,47.64
2017,975,t2,centre,63.29
2017,975,t2,droite,36.71
2017,976,t1,centre,24.68
2017,976,t1,droite,64.43
2017,976,t1,gauche,10.89
2017,976,t2,centre,63.85
2017,976,t2,droite,36.15
2017,977,t1,centre,19.35
2017,977,t1,droite,61.47
2017,977,t1,gauche,19.19
2017,977,t2,centre,65.0
2017,977,t2,droite,35.0
2017,986,t1,centre,31.02
2017,986,t1,droite,38.39
2017,986,t1,gauche,30.59
2017,986,t2,centre,79.14
2017,986,t2,droite,20.86
2017,987,t1,centre,16.05
2017,987,t1,droite,76.79
2017,987,t1,gauche,7.17
2017,987,t2,centre,60.3
2017,987,t2,droite,39.7
2017,988,t1,centre,11.38
2017,988,t1,droite,74.7
2017,988,t1,gauche,13.92
2017,988,t2,centre,49.33
2017,988,t2,droite,50.67
2022,01,t1,centre,37.01
2022,01,t1,droite,39.68
2022,01,t1,gauche,23.31
2022,01,t2,centre,59.33
2022,01,t2,droite,40.67
2022,02,t1,centre,23.09
2022,02,t1,droite,58.62
2022,02,t1,gauche,18.29
2022,02,t2,centre,38.02
2022,02,t2,droite,61.98
2022,03,t1,centre,36.14
2022,03,t1,droite,41.75
2022,03,t1,gauche,22.11
2022,03,t2,centre,55.67
2022,03,t2,droite,44.33
2022,04,t1,centre,25.44
2022,04,t1,droite,44.0
2022,04,t1,gauche,30.56
2022,04,t2,centre,47.76
2022,04,t2,droite,52.24
2022,05,t1,centre,30.76
2022,05,t1,droite,37.02
2022,05,t1,gauche,32.22
2022,05,t2,centre,57.52
2022,05,t2,droite,42.48
2022,06,t1,centre,28.86
2022,06,t1,droite,47.36
2022,06,t1,gauche,23.77
2022,06,t2,centre,49.88
2022,06,t2,droite,50.12
2022,07,t1,centre,30.78
2022,07,t1,droite,41.49
2022,07,t1,gauche,27.72
2022,07,t2,centre,53.07
2022,07,t2,droite,46.93
2022,08,t1,centre,27.4
2022,08,t1,droite,49.48
2022,08,t1,gauche,23.12
2022,08,t2,centre,42.06
2022,08,t2,droite,57.94
2022,09,t1,centre,28.49
2022,09,t1,droite,37.32
2022,09,t1,gauche,34.19
2022,09,t2,centre,51.59
2022,09,t2,droite,48.41
2022,10,t1,centre,32.12
2022,10,t1,droite,47.15
2022,10,t1,gauche,20.73
2022,10,t2,centre,50.69
2022,10,t2,droite,49.31
2022,11,t1,centre,25.83
2022,11,t1,droite,50.76
2022,11,t1,gauche,23.41
2022,11,t2,centre,42.09
2022,11,t2,droite,57.91
2022,12,t1,centre,44.87
2022,12,t1,droite,28.48
2022,12,t1,gauche,26.64
2022,12,t2,centre,65.36
2022,12,t2,droite,34.64
2022,13,t1,centre,24.62
2022,13,t1,droite,38.77
2022,13,t1,gauche,36.61
2022,13,t2,centre,52.27
2022,13,t2,droite,47.73
2022,14,t1,centre,42.13
2022,14,t1,droite,29.44
2022,14,t1,gauche,28.43
2022,14,t2,centre,67.73
2022,14,t2,droite,32.27
2022,15,t1,centre,39.82
2022,15,t1,droite,37.81
2022,15,t1,gauche,22.37
2022,15,t2,centre,59.4
2022,15,t2,droite,40.6
2022,16,t1,centre,35.98
2022,16,t1,droite,35.47
2022,16,t1,gauche,28.55
2022,16,t2,centre,59.89
2022,16,t2,droite,40.11
2022,17,t1,centre,38.98
2022,17,t1,droite,37.48
2022,17,t1,gauche,23.54
2022,17,t2,centre,61.76
2022,17,t2,droite,38.24
2022,18,t1,centre,36.02
2022,18,t1,droite,42.22
2022,18,t1,gauche,21.77
2022,18,t2,centre,54.04
2022,18,t2,droite,45.96
2022,19,t1,centre,34.86
2022,19,t1,droite,37.53
2022,19,t1,gauche,27.6
2022,19,t2,centre,57.82
2022,19,t2,droite,42.18
2022,21,t1,centre,37.63
2022,21,t1,droite,33.81
2022,21,t1,gauche,28.57
2022,21,t2,centre,63.67
2022,21,t2,droite,36.33
2022,22,t1,centre,44.88
2022,22,t1,droite,29.35
2022,22,t1,gauche,25.78
2022,22,t2,centre,68.64
2022,22,t2,droite,31.36
2022,23,t1,centre,32.69
2022,23,t1,droite,38.42
2022,23,t1,gauche,28.89
2022,23,t2,centre,53.89
2022,23,t2,droite,46.11
2022,24,t1,centre,31.9
2022,24,t1,droite,42.22
2022,24,t1,gauche,25.88
2022,24,t2,centre,51.55
2022,24,t2,droite,48.45
2022,25,t1,centre,36.3
2022,25,t1,droite,34.21
2022,25,t1,gauche,29.49
2022,25,t2,centre,61.75
2022,25,t2,droite,38.25
2022,26,t1,centre,30.01
2022,26,t1,droite,37.78
2022,26,t1,gauche,32.21
2022,26,t2,centre,59.29
2022,26,t2,droite,40.71
2022,27,t1,centre,31.95
2022,27,t1,droite,44.45
2022,27,t1,gauche,23.6
2022,27,t2,centre,50.42
2022,27,t2,droite,49.58
2022,28,t1,centre,33.68
2022,28,t1,droite,39.54
2022,28,t1,gauche,26.78
2022,28,t2,centre,56.74
2022,28,t2,droite,43.26
2022,29,t1,centre,49.17
2022,29,t1,droite,24.36
2022,29,t1,gauche,26.47
2022,29,t2,centre,75.53
2022,29,t2,droite,24.47
2022,2A,t1,centre,28.05
2022,2A,t1,droite,54.11
2022,2A,t1,gauche,17.84
2022,2A,t2,centre,40.88
2022,2A,t2,droite,59.12
2022,2B,t1,centre,26.19
2022,2B,t1,droite,55.99
2022,2B,t1,gauche,17.83
2022,2B,t2,centre,40.56
2022,2B,t2,droite,59.44
2022,30,t1,centre,25.14
2022,30,t1,droite,46.81
2022,30,t1,gauche,28.06
2022,30,t2,centre,46.39
2022,30,t2,droite,53.61
2022,31,t1,centre,32.63
2022,31,t1,droite,25.55
2022,31,t1,gauche,41.82
2022,31,t2,centre,69.95
2022,31,t2,droite,30.05
2022,32,t1,centre,37.69
2022,32,t1,droite,34.33
2022,32,t1,gauche,27.98
2022,32,t2,centre,57.92
2022,32,t2,droite,42.08
2022,33,t1,centre,37.41
2022,33,t1,droite,31.96
2022,33,t1,gauche,30.63
2022,33,t2,centre,66.28
2022,33,t2,droite,33.72
2022,34,t1,centre,24.39
2022,34,t1,droite,38.57
2022,34,t1,gauche,37.04
2022,34,t2,centre,55.02
2022,34,t2,droite,44.98
2022,35,t1,centre,41.38
2022,35,t1,droite,20.8
2022,35,t1,gauche,37.82
2022,35,t2,centre,80.28
2022,35,t2,droite,19.72
2022,36,t1,centre,35.15
2022,36,t1,droite,41.67
2022,36,t1,gauche,23.17
2022,36,t2,centre,54.48
2022,36,t2,droite,45.52
2022,37,t1,centre,40.43
2022,37,t1,droite,31.17
2022,37,t1,gauche,28.4
2022,37,t2,centre,68.18
2022,37,t2,droite,31.82
2022,38,t1,centre,34.31
2022,38,t1,droite,32.23
2022,38,t1,gauche,33.46
2022,38,t2,centre,62.98
2022,38,t2,droite,37.02
2022,39,t1,centre,33.22
2022,39,t1,droite,38.84
2022,39,t1,gauche,27.94
2022,39,t2,centre,54.8
2022,39,t2,droite,45.2
2022,40,t1,centre,43.49
2022,40,t1,droite,34.67
2022,40,t1,gauche,21.83
2022,40,t2,centre,59.59
2022,40,t2,droite,40.41
2022,41,t1,centre,35.33
2022,41,t1,droite,43.0
2022,41,t1,gauche,21.67
2022,41,t2,centre,54.99
2022,41,t2,droite,45.01
2022,42,t1,centre,34.5
2022,42,t1,droite,37.47
2022,42,t1,gauche,28.04
2022,42,t2,centre,60.14
2022,42,t2,droite,39.86
2022,43,t1,centre,30.95
2022,43,t1,droite,45.65
2022,43,t1,gauche,23.4
2022,43,t2,centre,50.01
2022,43,t2,droite,49.99
2022,44,t1,centre,39.24
2022,44,t1,droite,27.04
2022,44,t1,gauche,33.72
2022,44,t2,centre,73.24
2022,44,t2,droite,26.76
2022,45,t1,centre,36.82
2022,45,t1,droite,36.82
2022,45,t1,gauche,26.36
2022,45,t2,centre,63.42
2022,45,t2,droite,36.58
2022,46,t1,centre,34.57
2022,46,t1,droite,29.53
2022,46,t1,gauche,35.91
2022,46,t2,centre,61.66
2022,46,t2,droite,38.34
2022,47,t1,centre,34.0
2022,47,t1,droite,42.97
2022,47,t1,gauche,23.03
2022,47,t2,centre,49.06
2022,47,t2,droite,50.94
2022,48,t1,centre,35.45
2022,48,t1,droite,36.01
2022,48,t1,gauche,28.54
2022,48,t2,centre,53.57
2022,48,t2,droite,46.43
2022,49,t1,centre,47.03
2022,49,t1,droite,27.75
2022,49,t1,gauche,25.22
2022,49,t2,centre,73.54
2022,49,t2,droite,26.46
2022,50,t1,centre,48.44
2022,50,t1,droite,32.01
2022,50,t1,gauche,19.55
2022,50,t2,centre,66.07
2022,50,t2,droite,33.93
2022,51,t1,centre,37.35
2022,51,t1,droite,42.24
2022,51,t1,gauche,20.4
2022,51,t2,centre,55.26
2022,51,t2,droite,44.74
2022,52,t1,centre,28.22
2022,52,t1,droite,53.28
2022,52,t1,gauche,18.5
2022,52,t2,centre,42.07
2022,52,t2,droite,57.93
2022,53,t1,centre,49.62
2022,53,t1,droite,30.48
2022,53,t1,gauche,19.9
2022,53,t2,centre,69.92
2022,53,t2,droite,30.08
2022,54,t1,centre,35.29
2022,54,t1,droite,36.69
2022,54,t1,gauche,28.03
2022,54,t2,centre,57.73
2022,54,t2,droite,42.27
2022,55,t1,centre,30.31
2022,55,t1,droite,51.84
2022,55,t1,gauche,17.85
2022,55,t2,centre,43.74
2022,55,t2,droite,56.26
2022,56,t1,centre,46.85
2022,56,t1,droite,30.74
2022,56,t1,gauche,22.41
2022,56,t2,centre,69.56
2022,56,t2,droite,30.44
2022,57,t1,centre,34.36
2022,57,t1,droite,40.87
2022,57,t1,gauche,24.77
2022,57,t2,centre,54.51
2022,57,t2,droite,45.49
2022,58,t1,centre,34.15
2022,58,t1,droite,42.39
2022,58,t1,gauche,23.47
2022,58,t2,centre,49.54
2022,58,t2,droite,50.46
2022,59,t1,centre,31.29
2022,59,t1,droite,34.55
2022,59,t1,gauche,34.16
2022,59,t2,centre,58.76
2022,59,t2,droite,41.24
2022,60,t1,centre,27.86
2022,60,t1,droite,44.24
2022,60,t1,gauche,27.91
2022,60,t2,centre,48.54
2022,60,t2,droite,51.46
2022,61,t1,centre,40.91
2022,61,t1,droite,40.36
2022,61,t1,gauche,18.72
2022,61,t2,centre,57.47
2022,61,t2,droite,42.53
2022,62,t1,centre,29.17
2022,62,t1,droite,55.75
2022,62,t1,gauche,15.08
2022,62,t2,centre,41.03
2022,62,t2,droite,58.97
2022,63,t1,centre,39.61
2022,63,t1,droite,30.38
2022,63,t1,gauche,30.01
2022,63,t2,centre,64.59
2022,63,t2,droite,35.41
2022,64,t1,centre,50.09
2022,64,t1,droite,24.53
2022,64,t1,gauche,25.38
2022,64,t2,centre,69.83
2022,64,t2,droite,30.17
2022,65,t1,centre,36.99
2022,65,t1,droite,34.21
2022,65,t1,gauche,28.8
2022,65,t2,centre,55.86
2022,65,t2,droite,44.14
2022,66,t1,centre,24.68
2022,66,t1,droite,54.26
2022,66,t1,gauche,21.07
2022,66,t2,centre,39.11
2022,66,t2,droite,60.89
2022,67,t1,centre,37.52
2022,67,t1,droite,35.65
2022,67,t1,gauche,26.84
2022,67,t2,centre,63.04
2022,67,t2,droite,36.96
2022,68,t1,centre,35.71
2022,68,t1,droite,42.05
2022,68,t1,gauche,22.23
2022,68,t2,centre,53.34
2022,68,t2,droite,46.66
2022,69,t1,centre,35.77
2022,69,t1,droite,24.28
2022,69,t1,gauche,39.95
2022,69,t2,centre,76.57
2022,69,t2,droite,23.43
2022,70,t1,centre,27.43
2022,70,t1,droite,53.2
2022,70,t1,gauche,19.36
2022,70,t2,centre,42.15
2022,70,t2,droite,57.85
2022,71,t1,centre,37.58
2022,71,t1,droite,41.25
2022,71,t1,gauche,21.17
2022,71,t2,centre,55.24
2022,71,t2,droite,44.76
2022,72,t1,centre,37.37
2022,72,t1,droite,40.41
2022,72,t1,gauche,22.22
2022,72,t2,centre,58.64
2022,72,t2,droite,41.36
2022,73,t1,centre,34.95
2022,73,t1,droite,35.11
2022,73,t1,gauche,29.94
2022,73,t2,centre,60.75
2022,73,t2,droite,39.25
2022,74,t1,centre,43.62
2022,74,t1,droite,31.34
2022,74,t1,gauche,25.04
2022,74,t2,centre,66.56
2022,74,t2,droite,33.44
2022,75,t1,centre,40.62
2022,75,t1,droite,13.39
2022,75,t1,gauche,45.99
2022,75,t2,centre,92.56
2022,75,t2,droite,7.44
2022,76,t1,centre,35.12
2022,76,t1,droite,35.24
2022,76,t1,gauche,29.63
2022,76,t2,centre,62.08
2022,76,t2,droite,37.92
2022,77,t1,centre,29.46
2022,77,t1,droite,30.32
2022,77,t1,gauche,40.22
2022,77,t2,centre,63.96
2022,77,t2,droite,36.04
2022,78,t1,centre,42.58
2022,78,t1,droite,24.55
2022,78,t1,gauche,32.87
2022,78,t2,centre,81.12
2022,78,t2,droite,18.88
2022,79,t1,centre,46.77
2022,79,t1,droite,28.05
2022,79,t1,gauche,25.18
2022,79,t2,centre,71.06
2022,79,t2,droite,28.94
2022,80,t1,centre,33.38
2022,80,t1,droite,41.49
2022,80,t1,gauche,25.13
2022,80,t2,centre,52.92
2022,80,t2,droite,47.08
2022,81,t1,centre,34.42
2022,81,t1,droite,37.32
2022,81,t1,gauche,28.26
2022,81,t2,centre,55.31
2022,81,t2,droite,44.69
2022,82,t1,centre,27.36
2022,82,t1,droite,45.87
2022,82,t1,gauche,26.77
2022,82,t2,centre,44.99
2022,82,t2,droite,55.01
2022,83,t1,centre,27.99
2022,83,t1,droite,54.58
2022,83,t1,gauche,17.43
2022,83,t2,centre,40.84
2022,83,t2,droite,59.16
2022,84,t1,centre,24.12
2022,84,t1,droite,48.46
2022,84,t1,gauche,27.42
2022,84,t2,centre,41.16
2022,84,t2,droite,58.84
2022,85,t1,centre,51.59
2022,85,t1,droite,32.26
2022,85,t1,gauche,16.15
2022,85,t2,centre,67.14
2022,85,t2,droite,32.86
2022,86,t1,centre,40.37
2022,86,t1,droite,30.5
2022,86,t1,gauche,29.13
2022,86,t2,centre,64.87
2022,86,t2,droite,35.13
2022,87,t1,centre,39.16
2022,87,t1,droite,33.45
2022,87,t1,gauche,27.4
2022,87,t2,centre,63.47
2022,87,t2,droite,36.53
2022,88,t1,centre,31.39
2022,88,t1,droite,48.62
2022,88,t1,gauche,19.99
2022,88,t2,centre,48.88
2022,88,t2,droite,51.12
2022,89,t1,centre,29.05
2022,89,t1,droite,48.31
2022,89,t1,gauche,22.64
2022,89,t2,centre,48.35
2022,89,t2,droite,51.65
2022,90,t1,centre,30.25
2022,90,t1,droite,41.54
2022,90,t1,gauche,28.21
2022,90,t2,centre,51.49
2022,90,t2,droite,48.51
2022,91,t1,centre,34.1
2022,91,t1,droite,23.82
2022,91,t1,gauche,42.07
2022,91,t2,centre,71.04
2022,91,t2,droite,28.96
2022,92,t1,centre,45.99
2022,92,t1,droite,14.57
2022,92,t1,gauche,39.45
2022,92,t2,centre,90.73
2022,92,t2,droite,9.27
2022,93,t1,centre,17.68
2022,93,t1,droite,11.43
2022,93,t1,gauche,70.89
2022,93,t2,centre,82.8
2022,93,t2,droite,17.2
2022,94,t1,centre,38.43
2022,94,t1,droite,16.19
2022,94,t1,gauche,45.38
2022,94,t2,centre,85.04
2022,94,t2,droite,14.96
2022,95,t1,centre,28.54
2022,95,t1,droite,21.98
2022,95,t1,gauche,49.48
2022,95,t2,centre,71.6
2022,95,t2,droite,28.4
2022,971,t1,centre,10.33
2022,971,t1,droite,15.93
2022,971,t1,gauche,73.74
2022,971,t2,centre,27.59
2022,971,t2,droite,72.41
2022,972,t1,centre,14.37
2022,972,t1,droite,11.88
2022,972,t1,gauche,73.76
2022,972,t2,centre,36.6
2022,972,t2,droite,63.4
2022,973,t1,centre,15.58
2022,973,t1,droite,20.7
2022,973,t1,gauche,63.72
2022,973,t2,centre,37.39
2022,973,t2,droite,62.61
2022,974,t1,centre,19.65
2022,974,t1,droite,29.02
2022,974,t1,gauche,51.32
2022,974,t2,centre,40.35
2022,974,t2,droite,59.65
2022,975,t1,centre,23.95
2022,975,t1,droite,24.54
2022,975,t1,gauche,51.51
2022,975,t2,centre,49.31
2022,975,t2,droite,50.69
2022,976,t1,centre,17.65
2022,976,t1,droite,57.14
2022,976,t1,gauche,25.21
2022,976,t2,centre,42.25
2022,976,t2,droite,57.75
2022,977,t1,centre,25.23
2022,977,t1,droite,39.49
2022,977,t1,gauche,35.29
2022,977,t2,centre,44.98
2022,977,t2,droite,55.02
2022,986,t1,centre,40.92
2022,986,t1,droite,42.83
2022,986,t1,gauche,16.25
2022,986,t2,centre,67.45
2022,986,t2,droite,32.55
2022,987,t1,centre,51.26
2022,987,t1,droite,33.66
2022,987,t1,gauche,15.08
2022,987,t2,centre,54.55
2022,987,t2,droite,45.45
2022,988,t1,centre,56.08
2022,988,t1,droite,32.35
2022,988,t1,gauche,11.57
2022,988,t2,centre,63.61
2022,988,t2,droite,36.39
